Tópico;ID;Classe;Descrição;Possíveis Causas;Sugestão de Correção
6.1.1 ANS;1;Fault;ANS: HOST Error;Falha reportada pelo host associado ao módulo ANS, causada por serviço indisponível, processamento interrompido, configuração inválida, alimentação ausente ou perda de comunicação entre o host e o controlador do veículo.;Verificar se o host está energizado e operacional, conferir os serviços, a rede, cabos, conectores e parâmetros de comunicação. Reiniciar os equipamentos de forma controlada e analisar os registros. Consultar o projeto elétrico para confirmar a identificação e os pontos de conexão do módulo ANS.
6.1.1 ANS;2;Fault;ANS: VEHICLE Error;Falha reportada pelo veículo ao módulo ANS, possivelmente originada por permissivos não atendidos, subsistema de movimento ou segurança indisponível, estado inválido do controlador ou comunicação inconsistente.;Verificar os alarmes ativos do veículo, condições de segurança, permissivos e estado dos subsistemas. Confirmar alimentação e comunicação com o controlador, eliminar a falha de origem e executar o rearme. Consultar o projeto elétrico para confirmar os sinais associados ao módulo ANS.
6.1.1 ANS;3;Fault;ANS: Bad quality;Qualidade inválida ou desatualizada dos dados trocados com o módulo ANS, causada por perda intermitente de comunicação, timeout, mapeamento incorreto, dispositivo remoto indisponível ou atualização de dados interrompida.;Verificar estabilidade da rede, alimentação dos equipamentos, cabos, conectores e estado do dispositivo remoto. Confirmar o mapeamento e a atualização das variáveis, reiniciar a comunicação e monitorar a qualidade do sinal. Consultar o projeto elétrico para confirmar o caminho de comunicação.
6.1.1 ANS;4;Fault;ANS: Communication lost;Perda de comunicação com o módulo ANS por equipamento desligado, falha de rede, cabo ou conector danificado, switch ou enlace sem operação, endereço ou configuração incorreta, ou serviço remoto indisponível.;Verificar alimentação e estado dos equipamentos envolvidos, indicadores de rede, cabos, conectores e configuração de comunicação. Restabelecer o enlace, reiniciar os dispositivos de forma controlada e confirmar a troca de dados. Consultar o projeto elétrico para identificar os pontos do circuito.
6.1.2 Bateria;31;Fault;Battery: Battery Critical;Estado crítico da bateria por carga insuficiente, queda acentuada de tensão, desequilíbrio ou falha de células, temperatura inadequada, consumo elevado, conexão de potência deficiente ou proteção ativa do BMS.;Parar o veículo em local seguro e evitar novos movimentos. Verificar o estado da bateria, eventos e proteções do BMS, temperatura, cabos e conectores de potência. Recarregar com o sistema aprovado e, se a condição persistir, retirar a bateria de operação para avaliação técnica.
6.1.2 Bateria;32;Fault;Battery: Charge Error;Falha no carregamento por carregador indisponível, conexão incorreta, dispositivo de proteção aberto, intertravamento não atendido, cabo ou conector danificado, comunicação ausente ou bloqueio de carga pelo BMS.;Colocar o veículo em condição segura e verificar o carregador, conexão, dispositivos de proteção, intertravamentos e cabos. Consultar os eventos do BMS e confirmar se a bateria aceita carga. Corrigir a causa, reiniciar a sequência de carga e acompanhar o processo até a normalização.
6.1.2 Bateria;33;Warnings;Battery: Low Battery;Nível de carga reduzido devido a consumo acumulado, ciclo de recarga incompleto, tempo prolongado de operação, estimativa incorreta do BMS ou perda de capacidade da bateria.;Encaminhar o veículo para recarga segura e evitar ciclos adicionais que possam interromper a operação. Verificar o estado de carga e os eventos do BMS, confirmar a conclusão do carregamento e inspecionar conexões. Se o aviso ocorrer com frequência, avaliar a capacidade da bateria.
6.1.3 Disjuntores;61;Fault;Breaker Disarmed: Feedback Automatic Charger - FC1;O dispositivo de proteção do circuito do carregador automático está desarmado ou não apresentou retorno correto. As causas incluem sobrecorrente, curto-circuito, carga defeituosa, cabo ou conector danificado, alimentação anormal, contato auxiliar ou circuito de feedback com falha.;"Desenergizar e inspecionar o circuito do carregador automático, procurando curto, aquecimento, dano em cabos, conectores e carga alimentada. Verificar o contato de retorno e a continuidade do circuito. Eliminar a causa antes de rearmar; se desarmar novamente, manter o circuito isolado e avaliar o componente."
6.1.3 Disjuntores;62;Fault;Breaker Disarmed: Feedback Manual Charger - FC2;O dispositivo de proteção do circuito do carregador manual está desarmado ou não apresentou retorno correto. As causas incluem sobrecorrente, curto-circuito, carga defeituosa, cabo ou conector danificado, alimentação anormal, contato auxiliar ou circuito de feedback com falha.;"Desenergizar e inspecionar o circuito do carregador manual, procurando curto, aquecimento, dano em cabos, conectores e carga alimentada. Verificar o contato de retorno e a continuidade do circuito. Eliminar a causa antes de rearmar; se desarmar novamente, manter o circuito isolado e avaliar o componente."
6.1.3 Disjuntores;63;Fault;Breaker Disarmed: Eletronic Breaker - FC5;O dispositivo de proteção do disjuntor eletrônico de distribuição está desarmado ou não apresentou retorno correto. As causas incluem sobrecorrente, curto-circuito, carga defeituosa, cabo ou conector danificado, alimentação anormal, contato auxiliar ou circuito de feedback com falha.;"Desenergizar e inspecionar o disjuntor eletrônico de distribuição, procurando curto, aquecimento, dano em cabos, conectores e carga alimentada. Verificar o contato de retorno e a continuidade do circuito. Eliminar a causa antes de rearmar; se desarmar novamente, manter o circuito isolado e avaliar o componente."
6.1.3 Disjuntores;64;Fault;Breaker Disarmed: Train Front - FC6;O dispositivo de proteção do circuito de tração dianteira está desarmado ou não apresentou retorno correto. As causas incluem sobrecorrente, curto-circuito, carga defeituosa, cabo ou conector danificado, alimentação anormal, contato auxiliar ou circuito de feedback com falha.;"Desenergizar e inspecionar o circuito de tração dianteira, procurando curto, aquecimento, dano em cabos, conectores e carga alimentada. Verificar o contato de retorno e a continuidade do circuito. Eliminar a causa antes de rearmar; se desarmar novamente, manter o circuito isolado e avaliar o componente."
6.1.3 Disjuntores;65;Fault;Breaker Disarmed: Steering Front - FC7;O dispositivo de proteção do circuito de direção dianteira está desarmado ou não apresentou retorno correto. As causas incluem sobrecorrente, curto-circuito, carga defeituosa, cabo ou conector danificado, alimentação anormal, contato auxiliar ou circuito de feedback com falha.;"Desenergizar e inspecionar o circuito de direção dianteira, procurando curto, aquecimento, dano em cabos, conectores e carga alimentada. Verificar o contato de retorno e a continuidade do circuito. Eliminar a causa antes de rearmar; se desarmar novamente, manter o circuito isolado e avaliar o componente."
6.1.3 Disjuntores;66;Fault;Breaker Disarmed: Train Rear - FC8;O dispositivo de proteção do circuito de tração traseira está desarmado ou não apresentou retorno correto. As causas incluem sobrecorrente, curto-circuito, carga defeituosa, cabo ou conector danificado, alimentação anormal, contato auxiliar ou circuito de feedback com falha.;"Desenergizar e inspecionar o circuito de tração traseira, procurando curto, aquecimento, dano em cabos, conectores e carga alimentada. Verificar o contato de retorno e a continuidade do circuito. Eliminar a causa antes de rearmar; se desarmar novamente, manter o circuito isolado e avaliar o componente."
6.1.3 Disjuntores;67;Fault;Breaker Disarmed: Steering Rear - FC9;O dispositivo de proteção do circuito de direção traseira está desarmado ou não apresentou retorno correto. As causas incluem sobrecorrente, curto-circuito, carga defeituosa, cabo ou conector danificado, alimentação anormal, contato auxiliar ou circuito de feedback com falha.;"Desenergizar e inspecionar o circuito de direção traseira, procurando curto, aquecimento, dano em cabos, conectores e carga alimentada. Verificar o contato de retorno e a continuidade do circuito. Eliminar a causa antes de rearmar; se desarmar novamente, manter o circuito isolado e avaliar o componente."
6.1.3 Disjuntores;68;Fault;Breaker Disarmed: Train Brakes Braker - FC11;O dispositivo de proteção do circuito dos freios de tração está desarmado ou não apresentou retorno correto. As causas incluem sobrecorrente, curto-circuito, carga defeituosa, cabo ou conector danificado, alimentação anormal, contato auxiliar ou circuito de feedback com falha.;"Desenergizar e inspecionar o circuito dos freios de tração, procurando curto, aquecimento, dano em cabos, conectores e carga alimentada. Verificar o contato de retorno e a continuidade do circuito. Eliminar a causa antes de rearmar; se desarmar novamente, manter o circuito isolado e avaliar o componente."
6.1.3 Disjuntores;69;Fault;Breaker Disarmed: Lift FL - FC10;O dispositivo de proteção do circuito de elevação dianteiro esquerdo está desarmado ou não apresentou retorno correto. As causas incluem sobrecorrente, curto-circuito, carga defeituosa, cabo ou conector danificado, alimentação anormal, contato auxiliar ou circuito de feedback com falha.;"Desenergizar e inspecionar o circuito de elevação dianteiro esquerdo, procurando curto, aquecimento, dano em cabos, conectores e carga alimentada. Verificar o contato de retorno e a continuidade do circuito. Eliminar a causa antes de rearmar; se desarmar novamente, manter o circuito isolado e avaliar o componente."
6.1.3 Disjuntores;70;Fault;Breaker Disarmed: Lift FR - FC12;O dispositivo de proteção do circuito de elevação dianteiro direito está desarmado ou não apresentou retorno correto. As causas incluem sobrecorrente, curto-circuito, carga defeituosa, cabo ou conector danificado, alimentação anormal, contato auxiliar ou circuito de feedback com falha.;"Desenergizar e inspecionar o circuito de elevação dianteiro direito, procurando curto, aquecimento, dano em cabos, conectores e carga alimentada. Verificar o contato de retorno e a continuidade do circuito. Eliminar a causa antes de rearmar; se desarmar novamente, manter o circuito isolado e avaliar o componente."
6.1.3 Disjuntores;71;Fault;Breaker Disarmed: Lift RL - FC13;O dispositivo de proteção do circuito de elevação traseiro esquerdo está desarmado ou não apresentou retorno correto. As causas incluem sobrecorrente, curto-circuito, carga defeituosa, cabo ou conector danificado, alimentação anormal, contato auxiliar ou circuito de feedback com falha.;"Desenergizar e inspecionar o circuito de elevação traseiro esquerdo, procurando curto, aquecimento, dano em cabos, conectores e carga alimentada. Verificar o contato de retorno e a continuidade do circuito. Eliminar a causa antes de rearmar; se desarmar novamente, manter o circuito isolado e avaliar o componente."
6.1.3 Disjuntores;72;Fault;Breaker Disarmed: Lift RR - FC14;O dispositivo de proteção do circuito de elevação traseiro direito está desarmado ou não apresentou retorno correto. As causas incluem sobrecorrente, curto-circuito, carga defeituosa, cabo ou conector danificado, alimentação anormal, contato auxiliar ou circuito de feedback com falha.;"Desenergizar e inspecionar o circuito de elevação traseiro direito, procurando curto, aquecimento, dano em cabos, conectores e carga alimentada. Verificar o contato de retorno e a continuidade do circuito. Eliminar a causa antes de rearmar; se desarmar novamente, manter o circuito isolado e avaliar o componente."
6.1.4 CAN Open;91;Fault;CAN Open Powertrain: TL1 Not Operational;O drive do conjunto de tração e direção não entrou no estado operacional da rede CANopen por ausência de alimentação, interrupção do barramento, cabo ou conector defeituoso, blindagem ou terminação inadequada, endereço ou configuração incorreta, estado de bus-off ou falha interna.;Verificar alimentação do drive, continuidade e polaridade da rede, conectores, blindagem e resistores de terminação. Confirmar endereço, configuração e estado do gateway, reiniciar a rede de forma controlada e validar que o nó entra em operação. Substituir o dispositivo apenas se a comunicação permanecer indisponível.
6.1.4 CAN Open;92;Fault;CAN Open Powertrain: TL2 Not Operational;O drive do conjunto de tração e direção não entrou no estado operacional da rede CANopen por ausência de alimentação, interrupção do barramento, cabo ou conector defeituoso, blindagem ou terminação inadequada, endereço ou configuração incorreta, estado de bus-off ou falha interna.;Verificar alimentação do drive, continuidade e polaridade da rede, conectores, blindagem e resistores de terminação. Confirmar endereço, configuração e estado do gateway, reiniciar a rede de forma controlada e validar que o nó entra em operação. Substituir o dispositivo apenas se a comunicação permanecer indisponível.
6.1.4 CAN Open;93;Fault;CAN Open Powertrain: TL3 Not Operational;O drive do conjunto de tração e direção não entrou no estado operacional da rede CANopen por ausência de alimentação, interrupção do barramento, cabo ou conector defeituoso, blindagem ou terminação inadequada, endereço ou configuração incorreta, estado de bus-off ou falha interna.;Verificar alimentação do drive, continuidade e polaridade da rede, conectores, blindagem e resistores de terminação. Confirmar endereço, configuração e estado do gateway, reiniciar a rede de forma controlada e validar que o nó entra em operação. Substituir o dispositivo apenas se a comunicação permanecer indisponível.
6.1.4 CAN Open;94;Fault;CAN Open Powertrain: TL4 Not Operational;O drive do conjunto de tração e direção não entrou no estado operacional da rede CANopen por ausência de alimentação, interrupção do barramento, cabo ou conector defeituoso, blindagem ou terminação inadequada, endereço ou configuração incorreta, estado de bus-off ou falha interna.;Verificar alimentação do drive, continuidade e polaridade da rede, conectores, blindagem e resistores de terminação. Confirmar endereço, configuração e estado do gateway, reiniciar a rede de forma controlada e validar que o nó entra em operação. Substituir o dispositivo apenas se a comunicação permanecer indisponível.
6.1.4 CAN Open;95;Fault;CAN Open Powertrain: BS1 Not Operational;O encoder absoluto do conjunto de tração e direção não entrou no estado operacional da rede CANopen por ausência de alimentação, interrupção do barramento, cabo ou conector defeituoso, blindagem ou terminação inadequada, endereço ou configuração incorreta, estado de bus-off ou falha interna.;Verificar alimentação do encoder absoluto, continuidade e polaridade da rede, conectores, blindagem e resistores de terminação. Confirmar endereço, configuração e estado do gateway, reiniciar a rede de forma controlada e validar que o nó entra em operação. Substituir o dispositivo apenas se a comunicação permanecer indisponível.
6.1.4 CAN Open;96;Fault;CAN Open Powertrain: BS4 Not Operational;O encoder absoluto do conjunto de tração e direção não entrou no estado operacional da rede CANopen por ausência de alimentação, interrupção do barramento, cabo ou conector defeituoso, blindagem ou terminação inadequada, endereço ou configuração incorreta, estado de bus-off ou falha interna.;Verificar alimentação do encoder absoluto, continuidade e polaridade da rede, conectores, blindagem e resistores de terminação. Confirmar endereço, configuração e estado do gateway, reiniciar a rede de forma controlada e validar que o nó entra em operação. Substituir o dispositivo apenas se a comunicação permanecer indisponível.
6.1.4 CAN Open;106;Fault;CAN Open Lift: TL5 Not Operational;O drive do sistema de elevação não entrou no estado operacional da rede CANopen por ausência de alimentação, interrupção do barramento, cabo ou conector defeituoso, blindagem ou terminação inadequada, endereço ou configuração incorreta, estado de bus-off ou falha interna.;Verificar alimentação do drive, continuidade e polaridade da rede, conectores, blindagem e resistores de terminação. Confirmar endereço, configuração e estado do gateway, reiniciar a rede de forma controlada e validar que o nó entra em operação. Substituir o dispositivo apenas se a comunicação permanecer indisponível.
6.1.4 CAN Open;107;Fault;CAN Open Lift: TL6 Not Operational;O drive do sistema de elevação não entrou no estado operacional da rede CANopen por ausência de alimentação, interrupção do barramento, cabo ou conector defeituoso, blindagem ou terminação inadequada, endereço ou configuração incorreta, estado de bus-off ou falha interna.;Verificar alimentação do drive, continuidade e polaridade da rede, conectores, blindagem e resistores de terminação. Confirmar endereço, configuração e estado do gateway, reiniciar a rede de forma controlada e validar que o nó entra em operação. Substituir o dispositivo apenas se a comunicação permanecer indisponível.
6.1.4 CAN Open;108;Fault;CAN Open Lift: TL7 Not Operational;O drive do sistema de elevação não entrou no estado operacional da rede CANopen por ausência de alimentação, interrupção do barramento, cabo ou conector defeituoso, blindagem ou terminação inadequada, endereço ou configuração incorreta, estado de bus-off ou falha interna.;Verificar alimentação do drive, continuidade e polaridade da rede, conectores, blindagem e resistores de terminação. Confirmar endereço, configuração e estado do gateway, reiniciar a rede de forma controlada e validar que o nó entra em operação. Substituir o dispositivo apenas se a comunicação permanecer indisponível.
6.1.4 CAN Open;109;Fault;CAN Open Lift: TL8 Not Operational;O drive do sistema de elevação não entrou no estado operacional da rede CANopen por ausência de alimentação, interrupção do barramento, cabo ou conector defeituoso, blindagem ou terminação inadequada, endereço ou configuração incorreta, estado de bus-off ou falha interna.;Verificar alimentação do drive, continuidade e polaridade da rede, conectores, blindagem e resistores de terminação. Confirmar endereço, configuração e estado do gateway, reiniciar a rede de forma controlada e validar que o nó entra em operação. Substituir o dispositivo apenas se a comunicação permanecer indisponível.
6.1.4 CAN Open;110;Fault;CAN Open Lift: BS2 Not Operational;O encoder absoluto do sistema de elevação não entrou no estado operacional da rede CANopen por ausência de alimentação, interrupção do barramento, cabo ou conector defeituoso, blindagem ou terminação inadequada, endereço ou configuração incorreta, estado de bus-off ou falha interna.;Verificar alimentação do encoder absoluto, continuidade e polaridade da rede, conectores, blindagem e resistores de terminação. Confirmar endereço, configuração e estado do gateway, reiniciar a rede de forma controlada e validar que o nó entra em operação. Substituir o dispositivo apenas se a comunicação permanecer indisponível.
6.1.4 CAN Open;111;Fault;CAN Open Lift: BS3 Not Operational;O encoder absoluto do sistema de elevação não entrou no estado operacional da rede CANopen por ausência de alimentação, interrupção do barramento, cabo ou conector defeituoso, blindagem ou terminação inadequada, endereço ou configuração incorreta, estado de bus-off ou falha interna.;Verificar alimentação do encoder absoluto, continuidade e polaridade da rede, conectores, blindagem e resistores de terminação. Confirmar endereço, configuração e estado do gateway, reiniciar a rede de forma controlada e validar que o nó entra em operação. Substituir o dispositivo apenas se a comunicação permanecer indisponível.
6.1.4 CAN Open;112;Fault;CAN Open Lift: BS5 Not Operational;O encoder absoluto do sistema de elevação não entrou no estado operacional da rede CANopen por ausência de alimentação, interrupção do barramento, cabo ou conector defeituoso, blindagem ou terminação inadequada, endereço ou configuração incorreta, estado de bus-off ou falha interna.;Verificar alimentação do encoder absoluto, continuidade e polaridade da rede, conectores, blindagem e resistores de terminação. Confirmar endereço, configuração e estado do gateway, reiniciar a rede de forma controlada e validar que o nó entra em operação. Substituir o dispositivo apenas se a comunicação permanecer indisponível.
6.1.4 CAN Open;113;Fault;CAN Open Lift: BS6 Not Operational;O encoder absoluto do sistema de elevação não entrou no estado operacional da rede CANopen por ausência de alimentação, interrupção do barramento, cabo ou conector defeituoso, blindagem ou terminação inadequada, endereço ou configuração incorreta, estado de bus-off ou falha interna.;Verificar alimentação do encoder absoluto, continuidade e polaridade da rede, conectores, blindagem e resistores de terminação. Confirmar endereço, configuração e estado do gateway, reiniciar a rede de forma controlada e validar que o nó entra em operação. Substituir o dispositivo apenas se a comunicação permanecer indisponível.
6.1.4 CAN Open;120;Warnings;CAN Open: Booting Powertrain;A rede CANopen do conjunto de tração e direção está em inicialização. A condição pode permanecer ativa por atraso na alimentação, nó que não concluiu o boot, falha de comunicação, configuração incorreta ou dispositivo sem resposta.;Aguardar a conclusão normal da partida. Se o aviso permanecer, verificar alimentação dos nós, cabos, conectores, blindagem e terminação da rede, além do estado dos gateways e dispositivos. Reiniciar a rede de forma controlada e confirmar que todos os nós entram em operação.
6.1.4 CAN Open;121;Warnings;CAN Open: Booting Lift;A rede CANopen do sistema de elevação está em inicialização. A condição pode permanecer ativa por atraso na alimentação, nó que não concluiu o boot, falha de comunicação, configuração incorreta ou dispositivo sem resposta.;Aguardar a conclusão normal da partida. Se o aviso permanecer, verificar alimentação dos nós, cabos, conectores, blindagem e terminação da rede, além do estado dos gateways e dispositivos. Reiniciar a rede de forma controlada e confirmar que todos os nós entram em operação.
6.1.5 Segurança;122;Fault;Panels: Not Closed - FRONT LEFT;O painel lateral dianteiro esquerdo está aberto, parcialmente fechado ou sem travamento adequado. Também pode haver obstrução, desalinhamento mecânico, posicionamento incorreto do sensor de fechamento, ausência de alimentação, mau contato no cabo ou conector, ou falha do sensor.;Colocar o veículo em condição segura, verificar se há objetos impedindo o fechamento e fechar completamente o painel. Inspecionar travamento, batentes, dobradiças, alinhamento do sensor e elemento de detecção, além de fixação, alimentação, cabos e conectores. Ajustar ou substituir o componente e testar o sinal.
6.1.5 Segurança;180;Fault;Emergency: Button not released - FRONT LEFT;O botão de emergência dianteiro esquerdo permanece acionado ou não retornou corretamente por travamento mecânico, contato de segurança defeituoso, discrepância entre canais, cabo ou conector danificado ou circuito de segurança aberto.;Colocar o veículo em condição segura, identificar o botão e liberá-lo pelo mecanismo previsto. Verificar retorno mecânico, bloco de contatos, dois canais de segurança, cabos e conectores. Eliminar a causa e executar o rearme somente após confirmar que a área está livre.
6.1.5 Segurança;181;Fault;Emergency: Emergency: Button not released - REAR RIGHT;O botão de emergência traseiro direito permanece acionado ou não retornou corretamente por travamento mecânico, contato de segurança defeituoso, discrepância entre canais, cabo ou conector danificado ou circuito de segurança aberto.;Colocar o veículo em condição segura, identificar o botão e liberá-lo pelo mecanismo previsto. Verificar retorno mecânico, bloco de contatos, dois canais de segurança, cabos e conectores. Eliminar a causa e executar o rearme somente após confirmar que a área está livre.
6.1.5 Segurança;182;Fault;Emergency: Button not released - TABLE LEFT;O botão de emergência do lado esquerdo da mesa permanece acionado ou não retornou corretamente por travamento mecânico, contato de segurança defeituoso, discrepância entre canais, cabo ou conector danificado ou circuito de segurança aberto.;Colocar o veículo em condição segura, identificar o botão e liberá-lo pelo mecanismo previsto. Verificar retorno mecânico, bloco de contatos, dois canais de segurança, cabos e conectores. Eliminar a causa e executar o rearme somente após confirmar que a área está livre.
6.1.5 Segurança;183;Fault;Emergency: Button not released - TABLE RIGHT;O botão de emergência do lado direito da mesa permanece acionado ou não retornou corretamente por travamento mecânico, contato de segurança defeituoso, discrepância entre canais, cabo ou conector danificado ou circuito de segurança aberto.;Colocar o veículo em condição segura, identificar o botão e liberá-lo pelo mecanismo previsto. Verificar retorno mecânico, bloco de contatos, dois canais de segurança, cabos e conectores. Eliminar a causa e executar o rearme somente após confirmar que a área está livre.
6.1.6 Gerais;210;Message;Generals: In Manual Mode;Indicação de que o veículo está em modo manual por seleção do operador, chave de modo ou comando de manutenção. Não representa falha quando a condição foi selecionada intencionalmente.;Confirmar se o modo manual é adequado à atividade e operar conforme o procedimento de segurança. Para retornar ao automático, finalizar intervenções, liberar os permissivos e selecionar o modo correspondente. Se a indicação não corresponder à chave, verificar entrada, cabeamento e comando.
6.1.6 Gerais;211;Message;Generals: In Automatic Mode;Indicação de que o veículo está em modo automático após atendimento dos permissivos e seleção correspondente. Não representa falha quando a condição é intencional.;Confirmar que a área está liberada e que o veículo pode operar automaticamente. Nenhuma correção é necessária se o modo foi selecionado. Se a indicação estiver incorreta, verificar seletor, entradas de comando, comunicação e lógica de habilitação.
6.1.6 Gerais;212;Message;Generals: In AutoStart Mode;Indicação de que o modo de partida automática está ativo. Não representa falha quando habilitado de forma intencional e com os permissivos atendidos.;Confirmar que a área e o processo estão preparados para a partida automática. Nenhuma correção é necessária se a condição for esperada. Se estiver indevida, desabilitar o AutoStart conforme o procedimento e verificar o comando, seletor e sinais de habilitação.
6.1.6 Gerais;213;Warnings;Generals: Bypass Key Activated;A chave de bypass está acionada, desabilitando ou contornando uma condição de operação conforme a lógica do equipamento. Pode ser uma condição intencional de manutenção ou seleção indevida, contato travado ou entrada ativa por falha de cabeamento.;Confirmar a autorização e a finalidade do bypass. Se não for necessário, retornar a chave à posição normal e verificar se a indicação desaparece. Persistindo, inspecionar o seletor, contatos, cabos e entrada do controlador. Não liberar operação automática com bypass indevido.
6.1.6 Gerais;214;Warnings;Generals: Bypass Activated;Uma função de bypass está ativa por comando autorizado, chave de manutenção, condição lógica mantida ou falha no sinal de retorno. A condição pode reduzir permissivos ou proteções de processo.;Confirmar qual bypass está ativo e se existe autorização formal para uso. Remover a condição assim que a intervenção terminar, verificar seletor, entradas e lógica de comando e confirmar a restauração dos permissivos. Não operar automaticamente com bypass não identificado.
6.1.6 Gerais;215;Warnings;Generals: Synchronized;Indicação de que os sistemas ou eixos concluíram a sincronização prevista. Não representa falha quando ocorre durante a sequência normal de inicialização ou alinhamento.;Nenhuma ação corretiva é necessária se a indicação for esperada. Confirmar que os eixos e referências estão coerentes antes de iniciar o ciclo. Se a indicação permanecer em condição inadequada, verificar sequência de sincronismo, sensores de posição e comunicação.
6.1.6 Gerais;216;Warnings;Generals: In Automatic Mode And Not AutoStart;O veículo está em modo automático, porém a partida automática não está habilitada por comando ausente, permissivo não atendido, condição de segurança ativa, sequência incompleta ou seleção de AutoStart desativada.;Verificar se a partida automática é necessária e se a área está segura. Confirmar AutoStart, permissivos, dispositivos de segurança, estado de rede e comandos do processo. Eliminar a condição impeditiva e habilitar a partida conforme o procedimento.
6.1.7 Navegação;240;Warnings;Navigation: Data not valid from MC;Dados recebidos do controlador mestre estão inválidos, incompletos ou desatualizados por perda de comunicação, timeout, mapeamento incorreto, sincronização insuficiente ou controlador remoto indisponível.;Verificar a comunicação com o controlador mestre, alimentação e estado dos equipamentos de rede, cabos e conectores. Confirmar mapeamento, sequência e atualização das variáveis. Restabelecer a comunicação e validar os dados antes de retomar o movimento automático.
6.1.7 Navegação;241;Fault;Navigation: Line Not Found;A linha ou referência de navegação necessária não foi detectada por marcação ausente, interrompida, danificada ou fora da área de leitura, sensor sujo ou desalinhado, altura inadequada ou falha de comunicação.;Parar o veículo em segurança e inspecionar a linha de navegação e a área de leitura. Limpar e alinhar o sensor, verificar fixação, distância, cabos e comunicação. Reposicionar o veículo sobre a referência e confirmar a leitura antes de retomar o automático.
6.1.7 Navegação;242;Fault;Navigation: Line Lost;A referência de navegação foi perdida durante o deslocamento por interrupção ou dano na linha, desvio do veículo, sujeira no sensor, desalinhamento, oscilação mecânica ou falha de sinal e comunicação.;Imobilizar o veículo, verificar a continuidade e condição da linha e reposicioná-lo sobre a trajetória. Limpar e inspecionar o sensor, sua fixação, alinhamento, cabos e comunicação. Confirmar a leitura estável e executar o procedimento de retomada.
6.1.7 Navegação;243;Warnings;Navigation: Anticollision On;O sistema anticolisão está ativo por presença de obstáculo ou pessoa no campo de proteção, objeto na trajetória, reflexão ou interferência, scanner obstruído ou sujo, ou condição de segurança ainda não liberada.;Manter o veículo parado e inspecionar a área protegida. Remover obstáculos somente em condição segura, limpar a janela dos scanners e verificar alinhamento e fixação. Confirmar que os campos de proteção estão livres e executar o rearme conforme o procedimento.
6.1.7 Navegação;244;Fault;Navigation: CheckPointFailed;O ponto de controle da rota não foi detectado ou validado devido a marcação ausente ou danificada, posicionamento incorreto, leitura instável, dados de rota incompatíveis ou falha do sensor de navegação.;Parar o veículo em segurança, verificar a marcação do ponto de controle e o posicionamento do veículo. Limpar e inspecionar o sensor, confirmar a rota e os dados configurados e reposicionar para nova leitura. Liberar o ciclo somente após validação do ponto.
6.1.7 Navegação;245;Fault;Navigation: Precise Positioning Not Reached;A posição precisa solicitada não foi atingida por erro de leitura da referência, desvio de trajetória, escorregamento, obstáculo, falha de direção ou tração, sensor desalinhado ou parâmetros de aproximação inadequados.;Verificar a área e remover impedimentos, confirmar a referência de navegação e a leitura do sensor. Inspecionar rodas, direção, tração e alinhamento mecânico. Reposicionar o veículo, repetir a aproximação e ajustar parâmetros somente após validar o conjunto.
6.1.7 Navegação;270;Warnings;PGV: Line needed not FOUND;A linha de navegação requerida pelo leitor óptico não está disponível ou não foi reconhecida devido a marcação ausente, danificada, suja, fora da faixa de leitura, sensor desalinhado ou comunicação instável.;Inspecionar e limpar a linha e a cabeça de leitura, verificar fixação, alinhamento, distância, cabos e comunicação. Reposicionar o veículo sobre a referência e confirmar a leitura correta antes de reiniciar o percurso automático.
6.1.7 Navegação;271;Warnings;PGV: DMC Lost;O código de navegação deixou de ser lido por sujeira, dano ou obstrução da marcação, posicionamento fora da área de leitura, sensor desalinhado, variação mecânica ou falha de comunicação.;Parar o veículo, limpar e inspecionar o código e a cabeça de leitura. Verificar fixação, alinhamento, distância, cabos e comunicação. Reposicionar o veículo para recuperar a leitura e confirmar a identificação correta antes de retomar o ciclo.
6.1.5 Segurança;300;Fault;PLS Front: Scanner Dirty;A janela óptica do scanner está suja, obstruída ou com condição que reduz a qualidade de leitura, como poeira, óleo, condensação, riscos ou objeto muito próximo.;Parar o veículo em condição segura e limpar cuidadosamente a janela óptica com material adequado. Remover obstruções, verificar danos, condensação, fixação e alinhamento. Confirmar no diagnóstico que a condição de contaminação foi eliminada antes do rearme.
6.1.5 Segurança;301;Fault;PLS Front: Error Scanner;Falha do scanner de segurança por alimentação ausente ou instável, erro interno, configuração inválida, cabo ou conector danificado, perda de comunicação ou circuito de segurança inconsistente.;Manter o veículo parado, verificar alimentação, indicadores, cabos, conectores e comunicação do scanner. Confirmar a configuração e o estado dos canais de segurança, reiniciar de forma controlada e testar os campos. Persistindo, substituir o scanner após diagnóstico.
6.1.5 Segurança;302;Fault;PLS Front: Not Run Scanner;O scanner de segurança não entrou em operação por inicialização incompleta, ausência de alimentação, configuração ou reinício pendente, comunicação indisponível, entrada de segurança ativa ou falha interna.;Verificar alimentação e indicadores do scanner, cabos, conectores, comunicação e condições de reinício. Confirmar a configuração e liberar os permissivos de segurança somente com a área protegida. Reiniciar e validar os campos antes de liberar o veículo.
6.1.5 Segurança;330;Fault;PLS Rear: Scanner Dirty;A janela óptica do scanner está suja, obstruída ou com condição que reduz a qualidade de leitura, como poeira, óleo, condensação, riscos ou objeto muito próximo.;Parar o veículo em condição segura e limpar cuidadosamente a janela óptica com material adequado. Remover obstruções, verificar danos, condensação, fixação e alinhamento. Confirmar no diagnóstico que a condição de contaminação foi eliminada antes do rearme.
6.1.5 Segurança;331;Fault;PLS Rear: Error Scanner;Falha do scanner de segurança por alimentação ausente ou instável, erro interno, configuração inválida, cabo ou conector danificado, perda de comunicação ou circuito de segurança inconsistente.;Manter o veículo parado, verificar alimentação, indicadores, cabos, conectores e comunicação do scanner. Confirmar a configuração e o estado dos canais de segurança, reiniciar de forma controlada e testar os campos. Persistindo, substituir o scanner após diagnóstico.
6.1.5 Segurança;332;Fault;PLS Rear: Not Run Scanner;O scanner de segurança não entrou em operação por inicialização incompleta, ausência de alimentação, configuração ou reinício pendente, comunicação indisponível, entrada de segurança ativa ou falha interna.;Verificar alimentação e indicadores do scanner, cabos, conectores, comunicação e condições de reinício. Confirmar a configuração e liberar os permissivos de segurança somente com a área protegida. Reiniciar e validar os campos antes de liberar o veículo.
6.1.8 Direção;360;Fault;Steering Front: TL2 Drive Over Current;Corrente elevada no acionamento por sobrecarga mecânica, travamento do conjunto, aceleração excessiva, curto ou mau contato nos cabos do motor, falha de isolamento ou defeito interno no motor ou no drive.;Imobilizar o veículo, verificar se o eixo se movimenta livremente e remover travamentos ou excesso de carga. Inspecionar cabos, conectores e isolamento do motor, conferir alimentação e parâmetros de movimento e, após eliminar a causa, rearmar o acionamento. Substituir o motor ou o drive somente após diagnóstico.
6.1.8 Direção;361;Fault;Steering Front: TL2 Drive Over Voltage;Tensão elevada no barramento do acionamento, provocada por alimentação fora da faixa, energia regenerativa não dissipada, falha no circuito de frenagem regenerativa, conexão deficiente ou defeito interno no drive.;"Verificar a estabilidade da alimentação e as conexões de potência. Inspecionar o circuito de dissipação de energia, incluindo cabeamento e resistor de frenagem quando aplicável, e confirmar os parâmetros de desaceleração. Corrigir a causa antes de rearmar; persistindo o alarme, avaliar o drive."
6.1.8 Direção;362;Fault;Steering Front: TL2 Drive Over Temperature;Temperatura interna elevada no drive devido a carga excessiva, ciclos repetitivos, ventilação insuficiente, acúmulo de sujeira, temperatura ambiente elevada ou degradação do acionamento.;Parar o equipamento e aguardar o resfriamento em condição segura. Verificar ventilação, limpeza, fixação, circulação de ar e carga mecânica do eixo. Confirmar se o ciclo de operação está adequado e rearmar após normalização. Se o aquecimento retornar, avaliar o drive.
6.1.8 Direção;363;Fault;Steering Front: TL2 Drive Internal Voltage Error;Falha em uma tensão interna do drive causada por variação da alimentação, queda momentânea, conexão de potência instável, falha na fonte interna ou defeito eletrônico do acionamento.;Verificar alimentação, aperto e integridade dos cabos e conectores de potência. Desenergizar e energizar conforme o procedimento de manutenção, observando se o erro reaparece. Se a alimentação estiver estável e o alarme persistir, registrar o diagnóstico e substituir o drive.
6.1.8 Direção;364;Fault;Steering Front: TL2 Position Error;Desvio excessivo entre a posição comandada e a posição real por obstrução mecânica, sobrecarga, folga ou desacoplamento, falha de encoder, conexão de realimentação deficiente ou parametrização inadequada.;Verificar se o mecanismo está livre, alinhado e sem folgas anormais. Inspecionar acoplamentos, freio, encoder, cabos e conectores de realimentação. Confirmar referência e parâmetros de posição, executar a homogeneização ou referência prevista e testar o movimento em baixa solicitação.
6.1.8 Direção;365;Fault;Steering Front: TL2 Motor Encoder Disconnected;Ausência do sinal do encoder do motor por conector solto, cabo rompido ou danificado, alimentação do sensor ausente, blindagem inadequada ou falha do próprio encoder.;"Inspecionar e reconectar o cabo do encoder, verificando pinos, continuidade, blindagem e fixação. Confirmar a alimentação e a leitura do sinal no diagnóstico. Corrigir o cabeamento ou substituir o encoder; se o sinal estiver correto e o alarme permanecer, avaliar a entrada do drive."
6.1.8 Direção;366;Fault;Steering Front: TL2 Regen Failed;Falha no processo de regeneração por tensão elevada no barramento, circuito de dissipação interrompido, resistor de frenagem desconectado ou danificado, parâmetros incompatíveis ou defeito no estágio regenerativo do drive.;Verificar o circuito de frenagem regenerativa, conexões e integridade do elemento de dissipação. Confirmar a alimentação e os parâmetros de desaceleração. Corrigir cabos ou componentes danificados, rearmar e testar. Persistindo a falha, avaliar o estágio de potência do drive.
6.1.8 Direção;367;Fault;Steering Front: TL2 Safe Torque Off（STO）;Função de torque seguro ativa por acionamento de emergência, circuito de segurança aberto, ausência ou discrepância entre canais de segurança, falha de contato, cabo ou conector, ou entrada de segurança do drive não habilitada.;Confirmar que a área está segura e que todos os dispositivos de emergência foram liberados. Verificar os dois canais do circuito de segurança, contatos, cabos, conectores e sinais de habilitação. Eliminar a falha, executar o rearme de segurança e somente então reabilitar o movimento.
6.1.8 Direção;368;Fault;Steering Front: TL2 Bad FPGA;Falha interna de hardware ou firmware no drive, possivelmente associada a inicialização incorreta, alimentação instável, corrupção de firmware ou defeito eletrônico.;Verificar a qualidade da alimentação e executar uma reinicialização controlada. Registrar o código de diagnóstico e conferir a versão e a integridade da configuração. Se o erro retornar, retirar o eixo de operação e substituir ou encaminhar o drive para avaliação técnica.
6.1.8 Direção;369;Fault;Steering Front: TL2 Parameter Read Failed;Falha na leitura dos parâmetros do drive por memória corrompida, arquivo de configuração incompatível, interrupção durante a inicialização, comunicação instável ou defeito interno de memória.;Reinicializar o acionamento de forma controlada e verificar a comunicação com o controlador. Restaurar os parâmetros aprovados para o eixo e confirmar a gravação. Se a leitura continuar falhando, preservar o diagnóstico e substituir o drive ou sua memória conforme o procedimento.
6.1.8 Direção;370;Fault;Steering Front: TL2 Motor Encoder Multi-turn Error;Informação multivoltas do encoder absoluto inválida por perda de referência, falha de alimentação de retenção, cabo ou conector defeituoso, configuração incorreta ou defeito do encoder.;Inspecionar alimentação, cabo, conector e sinal do encoder absoluto. Confirmar a configuração e executar o procedimento de referência previsto para o eixo. Se a informação multivoltas não for recuperada, substituir o encoder e validar novamente a posição antes de liberar o movimento.
6.1.8 Direção;371;Fault;Steering Front: TL2 Motor Stall Protection;Proteção por motor bloqueado, causada por travamento mecânico, carga excessiva, freio não liberado, comando sem movimento, falha de fase, problema de realimentação ou parâmetros de torque inadequados.;Parar o equipamento, remover a carga ou obstrução e verificar se o mecanismo se movimenta livremente. Conferir liberação do freio, cabos do motor, encoder e parâmetros de torque. Rearmar somente após eliminar a causa e testar o eixo com carga reduzida.
6.1.8 Direção;372;Fault;Steering Front: TL2 Drive Power Module Over Temperature;Temperatura elevada no módulo de potência por corrente excessiva, ventilação deficiente, dissipação térmica inadequada, ciclos severos, temperatura ambiente elevada ou degradação do módulo.;Desabilitar o movimento e aguardar o resfriamento. Limpar o conjunto, verificar ventilação, montagem e dissipação térmica, além da carga e do ciclo do eixo. Após normalizar, testar o acionamento. Se o alarme retornar, avaliar o módulo de potência ou substituir o drive.
6.1.8 Direção;373;Fault;Steering Front: TL2 N Limit;Limite de curso negativo ativo por posição mecânica no fim de curso, sensor ou entrada acionada, alvo desalinhado, cabo em curto ou parametrização incorreta do sentido de movimento.;Verificar a posição física do eixo e afastá-lo do limite somente em modo e procedimento seguros. Inspecionar sensor, alvo, cabo, conector e estado da entrada. Corrigir alinhamento ou parametrização, confirmar a liberação do sinal e testar o curso completo.
6.1.8 Direção;374;Fault;Steering Front: TL2 P Limit;Limite de curso positivo ativo por posição mecânica no fim de curso, sensor ou entrada acionada, alvo desalinhado, cabo em curto ou parametrização incorreta do sentido de movimento.;Verificar a posição física do eixo e afastá-lo do limite somente em modo e procedimento seguros. Inspecionar sensor, alvo, cabo, conector e estado da entrada. Corrigir alinhamento ou parametrização, confirmar a liberação do sinal e testar o curso completo.
6.1.8 Direção;375;Fault;Steering Front: TL2 N&P Limit;Ativação simultânea dos limites positivo e negativo, normalmente causada por falha de cabeamento, curto entre entradas, sensores acionados simultaneamente, alimentação incorreta ou configuração incompatível.;Não movimentar o eixo até localizar a causa. Verificar os dois sensores de limite, alvos, cabos, conectores e estados das entradas. Corrigir curto, inversão ou parametrização e confirmar que apenas o sinal correspondente à posição física permanece ativo.
6.1.8 Direção;376;Fault;Steering Front: TL2 Current Foldback;Redução automática de corrente pelo drive devido a sobrecarga, aquecimento, operação prolongada em alto torque, travamento parcial, parametrização inadequada ou condição de proteção do estágio de potência.;"Verificar carga, atrito, alinhamento e liberdade mecânica do eixo. Confirmar temperatura e ventilação do motor e do drive, além dos parâmetros de corrente e aceleração. Corrigir a condição de esforço excessivo e testar o movimento; persistindo, avaliar motor e drive."
6.1.8 Direção;377;Fault;Steering Front: TL2 Move @ Disabled;Comando de movimento recebido enquanto o drive estava desabilitado por ausência de habilitação, função de segurança ativa, sequência de partida incompleta, falha de comunicação ou lógica de comando inconsistente.;Verificar a sequência de habilitação, permissivos, circuito de segurança e estado de comunicação. Eliminar a condição que mantém o drive desabilitado e cancelar comandos pendentes. Após o rearme correto, emitir novo comando e confirmar a resposta do eixo.
6.1.8 Direção;378;Fault;Steering Front: TL2 Drive Low Voltage;Tensão insuficiente no barramento do drive por bateria descarregada, proteção do BMS ativa, disjuntor aberto, queda de tensão em cabos ou conectores, alimentação instável ou consumo excessivo.;Verificar o estado da bateria e os eventos do BMS, além dos dispositivos de proteção, cabos e conexões de potência. Corrigir quedas de tensão ou mau contato, recarregar a bateria quando necessário e testar o acionamento sob carga. Persistindo, avaliar o drive.
6.1.8 Direção;379;Fault;Steering Front: TL2 Blank Q Segment;Segmento de movimento ausente ou inválido na fila do drive, causado por comando incompleto, sequência de trajetória incorreta, perda de comunicação, parâmetro incompatível ou falha de sincronização com o controlador.;Interromper o ciclo e limpar a sequência de movimento conforme o procedimento. Verificar comunicação, comandos enviados e parâmetros de trajetória. Reinicializar o eixo, reenviar a referência e testar. Se recorrente, analisar o registro do controlador e a configuração do movimento.
6.1.8 Direção;380;Fault;Steering Front: TL2 Velocity Limit;Limite de velocidade atingido ou excedido por comando acima do permitido, escala incorreta, parâmetro inadequado, realimentação de velocidade instável ou movimento mecânico não controlado.;Verificar o valor comandado, escalas e parâmetros de velocidade e aceleração. Inspecionar encoder, acoplamento e mecanismo para eliminar instabilidade. Corrigir a configuração, executar referência quando necessária e testar o eixo dentro das condições previstas.
6.1.8 Direção;381;Fault;Steering Front: TL2 Drive Power Phase Lost;Interrupção em uma fase de potência entre drive e motor, causada por cabo rompido, conector solto, terminal danificado, falha de enrolamento ou defeito no estágio de saída do drive.;"Desenergizar o circuito e verificar continuidade, aperto e integridade dos cabos e conectores do motor. Medir os enrolamentos e comparar as fases. Corrigir o cabeamento ou substituir o motor; se as fases estiverem normais, avaliar o estágio de potência do drive."
6.1.8 Direção;382;Fault;Steering Front: TL2 Emergency Stop;Comando de parada de emergência presente no drive devido a dispositivo acionado, circuito de segurança aberto, falha de contato ou cabeamento, ou sequência de rearme não concluída.;Colocar o equipamento em condição segura, identificar e liberar o dispositivo acionado e verificar o circuito de segurança. Confirmar contatos, cabos, conectores e permissivos. Executar o rearme previsto somente após eliminar a causa e inspecionar a área.
6.1.8 Direção;383;Fault;Steering Front: TL2 Abs.Encoder Battery;Bateria de retenção do encoder absoluto com carga baixa, desconectada ou defeituosa, podendo comprometer a preservação da posição quando a alimentação principal é removida.;Verificar a condição e a conexão da bateria de retenção associada ao encoder. Substituí-la conforme o procedimento do fabricante, mantendo a referência quando aplicável. Em seguida, confirmar a posição absoluta e executar nova referência antes de liberar o eixo.
6.1.8 Direção;384;Fault;Steering Front: TL2 Abs.Position Lost Warning;Referência de posição absoluta perdida por falha ou substituição da bateria de retenção, desconexão do encoder, interrupção prolongada de alimentação, alteração de parâmetros ou substituição do componente.;Inspecionar encoder, bateria de retenção, cabo e conectores. Restaurar os parâmetros aprovados e executar o procedimento de referência do eixo. Validar os limites e a posição real antes de retornar ao modo automático.
6.1.8 Direção;385;Fault;Steering Front: TL2 Abs Position Overflow;Valor de posição absoluta fora da faixa de contagem por excesso de voltas, escala ou relação mecânica incorreta, referência inadequada ou dados inválidos do encoder.;Verificar a posição física, escala, relação mecânica e parâmetros do encoder. Corrigir a configuração, zerar ou referenciar o eixo conforme o procedimento e validar os limites de curso. Se o valor continuar incoerente, avaliar o encoder e o drive.
6.1.8 Direção;386;Fault;Steering Front: TL1Motor Over Temperature;Temperatura elevada do motor devido a sobrecarga, travamento, freio parcialmente aplicado, ciclos intensos, ventilação insuficiente, falha do sensor térmico ou degradação do motor.;Parar o eixo e aguardar o resfriamento. Verificar carga, liberdade mecânica, freio, ventilação, cabos e leitura do sensor térmico. Corrigir a causa e testar com carga reduzida. Se o aquecimento ou o alarme retornar, avaliar ou substituir o motor.
6.1.8 Direção;387;Fault;Steering Front: TL2 Drive Voltage Warning;Advertência de tensão no drive por alimentação próxima dos limites operacionais, oscilação da bateria, queda em cabos e conectores, regeneração elevada ou instabilidade no circuito de potência.;Verificar a alimentação durante o movimento, o estado da bateria e do BMS, dispositivos de proteção e conexões de potência. Corrigir mau contato ou queda de tensão e revisar as condições de aceleração e desaceleração. Monitorar o drive após o teste.
6.1.8 Direção;388;Fault;Steering Front: TL2 Save Failed;Falha ao gravar parâmetros no drive por queda de alimentação, memória indisponível ou danificada, proteção de escrita, arquivo incompatível ou interrupção da comunicação durante a gravação.;Estabilizar a alimentação e repetir a gravação com o eixo parado. Verificar comunicação, permissões e compatibilidade do conjunto de parâmetros. Confirmar a leitura após salvar. Se a falha persistir, preservar os dados de diagnóstico e substituir o drive.
6.1.8 Direção;389;Fault;Steering Front: TL2 Other Error;Falha interna ou condição não categorizada pelo texto do alarme, podendo estar associada a alimentação, comunicação, parametrização, hardware do drive ou dispositivo conectado.;Consultar o código detalhado no diagnóstico do drive, registrar o estado no momento da falha e verificar alimentação, comunicação, cabos e parâmetros. Executar reinicialização controlada. Se o código persistir, seguir o diagnóstico específico ou substituir o componente afetado.
6.1.8 Direção;390;Fault;Steering Front: TL2 Speed Follow Error;Velocidade real não acompanhou a referência devido a sobrecarga, travamento, freio não liberado, perda de torque, falha de encoder, cabo de motor defeituoso ou parâmetros de controle inadequados.;Verificar liberdade mecânica, carga e liberação do freio. Inspecionar motor, encoder, cabos e conectores e confirmar parâmetros de velocidade, aceleração e controle. Corrigir a causa, referenciar o eixo quando necessário e testar com solicitação reduzida.
6.1.8 Direção;391;Fault;Steering Rear: TL4 Drive Over Current;Corrente elevada no acionamento por sobrecarga mecânica, travamento do conjunto, aceleração excessiva, curto ou mau contato nos cabos do motor, falha de isolamento ou defeito interno no motor ou no drive.;Imobilizar o veículo, verificar se o eixo se movimenta livremente e remover travamentos ou excesso de carga. Inspecionar cabos, conectores e isolamento do motor, conferir alimentação e parâmetros de movimento e, após eliminar a causa, rearmar o acionamento. Substituir o motor ou o drive somente após diagnóstico.
6.1.8 Direção;392;Fault;Steering Rear: TL4 Drive Over Voltage;Tensão elevada no barramento do acionamento, provocada por alimentação fora da faixa, energia regenerativa não dissipada, falha no circuito de frenagem regenerativa, conexão deficiente ou defeito interno no drive.;"Verificar a estabilidade da alimentação e as conexões de potência. Inspecionar o circuito de dissipação de energia, incluindo cabeamento e resistor de frenagem quando aplicável, e confirmar os parâmetros de desaceleração. Corrigir a causa antes de rearmar; persistindo o alarme, avaliar o drive."
6.1.8 Direção;393;Fault;Steering Rear: TL4 Drive Over Temperature;Temperatura interna elevada no drive devido a carga excessiva, ciclos repetitivos, ventilação insuficiente, acúmulo de sujeira, temperatura ambiente elevada ou degradação do acionamento.;Parar o equipamento e aguardar o resfriamento em condição segura. Verificar ventilação, limpeza, fixação, circulação de ar e carga mecânica do eixo. Confirmar se o ciclo de operação está adequado e rearmar após normalização. Se o aquecimento retornar, avaliar o drive.
6.1.8 Direção;394;Fault;Steering Rear: TL4 Drive Internal Voltage Error;Falha em uma tensão interna do drive causada por variação da alimentação, queda momentânea, conexão de potência instável, falha na fonte interna ou defeito eletrônico do acionamento.;Verificar alimentação, aperto e integridade dos cabos e conectores de potência. Desenergizar e energizar conforme o procedimento de manutenção, observando se o erro reaparece. Se a alimentação estiver estável e o alarme persistir, registrar o diagnóstico e substituir o drive.
6.1.8 Direção;395;Fault;Steering Rear: TL4 Position Error;Desvio excessivo entre a posição comandada e a posição real por obstrução mecânica, sobrecarga, folga ou desacoplamento, falha de encoder, conexão de realimentação deficiente ou parametrização inadequada.;Verificar se o mecanismo está livre, alinhado e sem folgas anormais. Inspecionar acoplamentos, freio, encoder, cabos e conectores de realimentação. Confirmar referência e parâmetros de posição, executar a homogeneização ou referência prevista e testar o movimento em baixa solicitação.
6.1.8 Direção;396;Fault;Steering Rear: TL4 Motor Encoder Disconnected;Ausência do sinal do encoder do motor por conector solto, cabo rompido ou danificado, alimentação do sensor ausente, blindagem inadequada ou falha do próprio encoder.;"Inspecionar e reconectar o cabo do encoder, verificando pinos, continuidade, blindagem e fixação. Confirmar a alimentação e a leitura do sinal no diagnóstico. Corrigir o cabeamento ou substituir o encoder; se o sinal estiver correto e o alarme permanecer, avaliar a entrada do drive."
6.1.8 Direção;397;Fault;Steering Rear: TL4 Regen Failed;Falha no processo de regeneração por tensão elevada no barramento, circuito de dissipação interrompido, resistor de frenagem desconectado ou danificado, parâmetros incompatíveis ou defeito no estágio regenerativo do drive.;Verificar o circuito de frenagem regenerativa, conexões e integridade do elemento de dissipação. Confirmar a alimentação e os parâmetros de desaceleração. Corrigir cabos ou componentes danificados, rearmar e testar. Persistindo a falha, avaliar o estágio de potência do drive.
6.1.8 Direção;398;Fault;Steering Rear: TL4 Safe Torque Off（STO);Função de torque seguro ativa por acionamento de emergência, circuito de segurança aberto, ausência ou discrepância entre canais de segurança, falha de contato, cabo ou conector, ou entrada de segurança do drive não habilitada.;Confirmar que a área está segura e que todos os dispositivos de emergência foram liberados. Verificar os dois canais do circuito de segurança, contatos, cabos, conectores e sinais de habilitação. Eliminar a falha, executar o rearme de segurança e somente então reabilitar o movimento.
6.1.8 Direção;399;Fault;Steering Rear: TL4 Bad FPGA;Falha interna de hardware ou firmware no drive, possivelmente associada a inicialização incorreta, alimentação instável, corrupção de firmware ou defeito eletrônico.;Verificar a qualidade da alimentação e executar uma reinicialização controlada. Registrar o código de diagnóstico e conferir a versão e a integridade da configuração. Se o erro retornar, retirar o eixo de operação e substituir ou encaminhar o drive para avaliação técnica.
6.1.8 Direção;400;Fault;Steering Rear: TL4 Parameter Read Failed;Falha na leitura dos parâmetros do drive por memória corrompida, arquivo de configuração incompatível, interrupção durante a inicialização, comunicação instável ou defeito interno de memória.;Reinicializar o acionamento de forma controlada e verificar a comunicação com o controlador. Restaurar os parâmetros aprovados para o eixo e confirmar a gravação. Se a leitura continuar falhando, preservar o diagnóstico e substituir o drive ou sua memória conforme o procedimento.
6.1.8 Direção;401;Fault;Steering Rear: TL4 Motor Encoder Multi-turn Error;Informação multivoltas do encoder absoluto inválida por perda de referência, falha de alimentação de retenção, cabo ou conector defeituoso, configuração incorreta ou defeito do encoder.;Inspecionar alimentação, cabo, conector e sinal do encoder absoluto. Confirmar a configuração e executar o procedimento de referência previsto para o eixo. Se a informação multivoltas não for recuperada, substituir o encoder e validar novamente a posição antes de liberar o movimento.
6.1.8 Direção;402;Fault;Steering Rear: TL4 Motor Stall Protection;Proteção por motor bloqueado, causada por travamento mecânico, carga excessiva, freio não liberado, comando sem movimento, falha de fase, problema de realimentação ou parâmetros de torque inadequados.;Parar o equipamento, remover a carga ou obstrução e verificar se o mecanismo se movimenta livremente. Conferir liberação do freio, cabos do motor, encoder e parâmetros de torque. Rearmar somente após eliminar a causa e testar o eixo com carga reduzida.
6.1.8 Direção;403;Fault;Steering Rear: TL4 Drive Power Module Over Temperature;Temperatura elevada no módulo de potência por corrente excessiva, ventilação deficiente, dissipação térmica inadequada, ciclos severos, temperatura ambiente elevada ou degradação do módulo.;Desabilitar o movimento e aguardar o resfriamento. Limpar o conjunto, verificar ventilação, montagem e dissipação térmica, além da carga e do ciclo do eixo. Após normalizar, testar o acionamento. Se o alarme retornar, avaliar o módulo de potência ou substituir o drive.
6.1.8 Direção;404;Fault;Steering Rear: TL4 N Limit;Limite de curso negativo ativo por posição mecânica no fim de curso, sensor ou entrada acionada, alvo desalinhado, cabo em curto ou parametrização incorreta do sentido de movimento.;Verificar a posição física do eixo e afastá-lo do limite somente em modo e procedimento seguros. Inspecionar sensor, alvo, cabo, conector e estado da entrada. Corrigir alinhamento ou parametrização, confirmar a liberação do sinal e testar o curso completo.
6.1.8 Direção;405;Fault;Steering Rear: TL4 P Limit;Limite de curso positivo ativo por posição mecânica no fim de curso, sensor ou entrada acionada, alvo desalinhado, cabo em curto ou parametrização incorreta do sentido de movimento.;Verificar a posição física do eixo e afastá-lo do limite somente em modo e procedimento seguros. Inspecionar sensor, alvo, cabo, conector e estado da entrada. Corrigir alinhamento ou parametrização, confirmar a liberação do sinal e testar o curso completo.
6.1.8 Direção;406;Fault;Steering Rear: TL4 N&P Limit;Ativação simultânea dos limites positivo e negativo, normalmente causada por falha de cabeamento, curto entre entradas, sensores acionados simultaneamente, alimentação incorreta ou configuração incompatível.;Não movimentar o eixo até localizar a causa. Verificar os dois sensores de limite, alvos, cabos, conectores e estados das entradas. Corrigir curto, inversão ou parametrização e confirmar que apenas o sinal correspondente à posição física permanece ativo.
6.1.8 Direção;407;Fault;Steering Rear: TL4 Current Foldback;Redução automática de corrente pelo drive devido a sobrecarga, aquecimento, operação prolongada em alto torque, travamento parcial, parametrização inadequada ou condição de proteção do estágio de potência.;"Verificar carga, atrito, alinhamento e liberdade mecânica do eixo. Confirmar temperatura e ventilação do motor e do drive, além dos parâmetros de corrente e aceleração. Corrigir a condição de esforço excessivo e testar o movimento; persistindo, avaliar motor e drive."
6.1.8 Direção;408;Fault;Steering Rear: TL4 Move @ Disabled;Comando de movimento recebido enquanto o drive estava desabilitado por ausência de habilitação, função de segurança ativa, sequência de partida incompleta, falha de comunicação ou lógica de comando inconsistente.;Verificar a sequência de habilitação, permissivos, circuito de segurança e estado de comunicação. Eliminar a condição que mantém o drive desabilitado e cancelar comandos pendentes. Após o rearme correto, emitir novo comando e confirmar a resposta do eixo.
6.1.8 Direção;409;Fault;Steering Rear: TL4 Drive Low Voltage;Tensão insuficiente no barramento do drive por bateria descarregada, proteção do BMS ativa, disjuntor aberto, queda de tensão em cabos ou conectores, alimentação instável ou consumo excessivo.;Verificar o estado da bateria e os eventos do BMS, além dos dispositivos de proteção, cabos e conexões de potência. Corrigir quedas de tensão ou mau contato, recarregar a bateria quando necessário e testar o acionamento sob carga. Persistindo, avaliar o drive.
6.1.8 Direção;410;Fault;Steering Rear: TL4 Blank Q Segment;Segmento de movimento ausente ou inválido na fila do drive, causado por comando incompleto, sequência de trajetória incorreta, perda de comunicação, parâmetro incompatível ou falha de sincronização com o controlador.;Interromper o ciclo e limpar a sequência de movimento conforme o procedimento. Verificar comunicação, comandos enviados e parâmetros de trajetória. Reinicializar o eixo, reenviar a referência e testar. Se recorrente, analisar o registro do controlador e a configuração do movimento.
6.1.8 Direção;411;Fault;Steering Rear: TL4 Velocity Limit;Limite de velocidade atingido ou excedido por comando acima do permitido, escala incorreta, parâmetro inadequado, realimentação de velocidade instável ou movimento mecânico não controlado.;Verificar o valor comandado, escalas e parâmetros de velocidade e aceleração. Inspecionar encoder, acoplamento e mecanismo para eliminar instabilidade. Corrigir a configuração, executar referência quando necessária e testar o eixo dentro das condições previstas.
6.1.8 Direção;412;Fault;Steering Rear: TL4 Drive Power Phase Lost;Interrupção em uma fase de potência entre drive e motor, causada por cabo rompido, conector solto, terminal danificado, falha de enrolamento ou defeito no estágio de saída do drive.;"Desenergizar o circuito e verificar continuidade, aperto e integridade dos cabos e conectores do motor. Medir os enrolamentos e comparar as fases. Corrigir o cabeamento ou substituir o motor; se as fases estiverem normais, avaliar o estágio de potência do drive."
6.1.8 Direção;413;Fault;Steering Rear: TL4 Emergency Stop;Comando de parada de emergência presente no drive devido a dispositivo acionado, circuito de segurança aberto, falha de contato ou cabeamento, ou sequência de rearme não concluída.;Colocar o equipamento em condição segura, identificar e liberar o dispositivo acionado e verificar o circuito de segurança. Confirmar contatos, cabos, conectores e permissivos. Executar o rearme previsto somente após eliminar a causa e inspecionar a área.
6.1.8 Direção;414;Fault;Steering Rear: TL4 Abs.Encoder Battery;Bateria de retenção do encoder absoluto com carga baixa, desconectada ou defeituosa, podendo comprometer a preservação da posição quando a alimentação principal é removida.;Verificar a condição e a conexão da bateria de retenção associada ao encoder. Substituí-la conforme o procedimento do fabricante, mantendo a referência quando aplicável. Em seguida, confirmar a posição absoluta e executar nova referência antes de liberar o eixo.
6.1.8 Direção;415;Fault;Steering Rear: TL4 Abs.Position Lost Warning;Referência de posição absoluta perdida por falha ou substituição da bateria de retenção, desconexão do encoder, interrupção prolongada de alimentação, alteração de parâmetros ou substituição do componente.;Inspecionar encoder, bateria de retenção, cabo e conectores. Restaurar os parâmetros aprovados e executar o procedimento de referência do eixo. Validar os limites e a posição real antes de retornar ao modo automático.
6.1.8 Direção;416;Fault;Steering Rear: TL4 Abs Position Overflow;Valor de posição absoluta fora da faixa de contagem por excesso de voltas, escala ou relação mecânica incorreta, referência inadequada ou dados inválidos do encoder.;Verificar a posição física, escala, relação mecânica e parâmetros do encoder. Corrigir a configuração, zerar ou referenciar o eixo conforme o procedimento e validar os limites de curso. Se o valor continuar incoerente, avaliar o encoder e o drive.
6.1.8 Direção;417;Fault;Steering Rear: TL4 Motor Over Temperature;Temperatura elevada do motor devido a sobrecarga, travamento, freio parcialmente aplicado, ciclos intensos, ventilação insuficiente, falha do sensor térmico ou degradação do motor.;Parar o eixo e aguardar o resfriamento. Verificar carga, liberdade mecânica, freio, ventilação, cabos e leitura do sensor térmico. Corrigir a causa e testar com carga reduzida. Se o aquecimento ou o alarme retornar, avaliar ou substituir o motor.
6.1.8 Direção;418;Fault;Steering Rear: TL4 Drive Voltage Warning;Advertência de tensão no drive por alimentação próxima dos limites operacionais, oscilação da bateria, queda em cabos e conectores, regeneração elevada ou instabilidade no circuito de potência.;Verificar a alimentação durante o movimento, o estado da bateria e do BMS, dispositivos de proteção e conexões de potência. Corrigir mau contato ou queda de tensão e revisar as condições de aceleração e desaceleração. Monitorar o drive após o teste.
6.1.8 Direção;419;Fault;Steering Rear: TL4 Save Failed;Falha ao gravar parâmetros no drive por queda de alimentação, memória indisponível ou danificada, proteção de escrita, arquivo incompatível ou interrupção da comunicação durante a gravação.;Estabilizar a alimentação e repetir a gravação com o eixo parado. Verificar comunicação, permissões e compatibilidade do conjunto de parâmetros. Confirmar a leitura após salvar. Se a falha persistir, preservar os dados de diagnóstico e substituir o drive.
6.1.8 Direção;420;Fault;Steering Rear: TL4 Other Error;Falha interna ou condição não categorizada pelo texto do alarme, podendo estar associada a alimentação, comunicação, parametrização, hardware do drive ou dispositivo conectado.;Consultar o código detalhado no diagnóstico do drive, registrar o estado no momento da falha e verificar alimentação, comunicação, cabos e parâmetros. Executar reinicialização controlada. Se o código persistir, seguir o diagnóstico específico ou substituir o componente afetado.
6.1.8 Direção;421;Fault;Steering Rear: Speed Follow Error;Velocidade real não acompanhou a referência devido a sobrecarga, travamento, freio não liberado, perda de torque, falha de encoder, cabo de motor defeituoso ou parâmetros de controle inadequados.;Verificar liberdade mecânica, carga e liberação do freio. Inspecionar motor, encoder, cabos e conectores e confirmar parâmetros de velocidade, aceleração e controle. Corrigir a causa, referenciar o eixo quando necessário e testar com solicitação reduzida.
6.1.9 Sistema e Rede;422;Warnings;System: System booting;O sistema de controle está em inicialização. A indicação é normal por curto período após energização, mas pode permanecer por alimentação instável, controlador que não conclui o boot, rede indisponível ou falha de configuração.;Aguardar a conclusão da sequência de partida. Se a indicação permanecer, verificar alimentação, estado do controlador, módulos e redes de comunicação. Reiniciar de forma controlada, analisar diagnósticos e confirmar que todos os subsistemas entram em operação.
6.1.9 Sistema e Rede;423;Fault;System ProfiNet: 80FQ1 Communication Failure - Scanner Front;Falha de comunicação com o scanner de segurança dianteiro por perda de alimentação, cabo ou conector danificado, porta de rede indisponível, configuração ou endereço incorreto, gateway sem operação, interferência no enlace ou defeito do dispositivo.;Verificar alimentação e indicadores do scanner de segurança dianteiro, cabos, conectores, portas, switch ou gateway e configuração de comunicação. Confirmar a identificação e a rede associada antes da intervenção, restabelecer o enlace e validar a troca de dados. Se persistir, avaliar o dispositivo.
6.1.9 Sistema e Rede;424;Fault;System ProfiNet: 80FQ2 Communication Failure - Scanner Rear;Falha de comunicação com o scanner de segurança traseiro por perda de alimentação, cabo ou conector danificado, porta de rede indisponível, configuração ou endereço incorreto, gateway sem operação, interferência no enlace ou defeito do dispositivo.;Verificar alimentação e indicadores do scanner de segurança traseiro, cabos, conectores, portas, switch ou gateway e configuração de comunicação. Confirmar a identificação e a rede associada antes da intervenção, restabelecer o enlace e validar a troca de dados. Se persistir, avaliar o dispositivo.
6.1.9 Sistema e Rede;425;Fault;System ProfiNet: 81BY1 Communication Failure - PGV;Falha de comunicação com o leitor óptico de navegação por perda de alimentação, cabo ou conector danificado, porta de rede indisponível, configuração ou endereço incorreto, gateway sem operação, interferência no enlace ou defeito do dispositivo.;Verificar alimentação e indicadores do leitor óptico de navegação, cabos, conectores, portas, switch ou gateway e configuração de comunicação. Confirmar a identificação e a rede associada antes da intervenção, restabelecer o enlace e validar a troca de dados. Se persistir, avaliar o dispositivo.
6.1.9 Sistema e Rede;426;Fault;System ProfiNet: 91XF2 Communication Failure - Scalance;Falha de comunicação com o cliente de rede sem fio por perda de alimentação, cabo ou conector danificado, porta de rede indisponível, configuração ou endereço incorreto, gateway sem operação, interferência no enlace ou defeito do dispositivo.;Verificar alimentação e indicadores do cliente de rede sem fio, cabos, conectores, portas, switch ou gateway e configuração de comunicação. Confirmar a identificação e a rede associada antes da intervenção, restabelecer o enlace e validar a troca de dados. Se persistir, avaliar o dispositivo.
6.1.9 Sistema e Rede;427;Fault;System ProfiNet: 75BS2 Communication Failure - Encoder Front;Falha de comunicação com o encoder de posição dianteiro por perda de alimentação, cabo ou conector danificado, porta de rede indisponível, configuração ou endereço incorreto, gateway sem operação, interferência no enlace ou defeito do dispositivo.;Verificar alimentação e indicadores do encoder de posição dianteiro, cabos, conectores, portas, switch ou gateway e configuração de comunicação. Confirmar a identificação e a rede associada antes da intervenção, restabelecer o enlace e validar a troca de dados. Se persistir, avaliar o dispositivo.
6.1.9 Sistema e Rede;428;Fault;System ProfiNet: 75BS4 Communication Failure - Encoder Rear;Falha de comunicação com o encoder de posição traseiro por perda de alimentação, cabo ou conector danificado, porta de rede indisponível, configuração ou endereço incorreto, gateway sem operação, interferência no enlace ou defeito do dispositivo.;Verificar alimentação e indicadores do encoder de posição traseiro, cabos, conectores, portas, switch ou gateway e configuração de comunicação. Confirmar a identificação e a rede associada antes da intervenção, restabelecer o enlace e validar a troca de dados. Se persistir, avaliar o dispositivo.
6.1.10 Tração e Rodas;438;Fault;Train Front: TL1 Drive Over Current;Corrente elevada no acionamento por sobrecarga mecânica, travamento do conjunto, aceleração excessiva, curto ou mau contato nos cabos do motor, falha de isolamento ou defeito interno no motor ou no drive.;Imobilizar o veículo, verificar se o eixo se movimenta livremente e remover travamentos ou excesso de carga. Inspecionar cabos, conectores e isolamento do motor, conferir alimentação e parâmetros de movimento e, após eliminar a causa, rearmar o acionamento. Substituir o motor ou o drive somente após diagnóstico.
6.1.10 Tração e Rodas;439;Fault;Train Front: TL1 Drive Over Voltage;Tensão elevada no barramento do acionamento, provocada por alimentação fora da faixa, energia regenerativa não dissipada, falha no circuito de frenagem regenerativa, conexão deficiente ou defeito interno no drive.;"Verificar a estabilidade da alimentação e as conexões de potência. Inspecionar o circuito de dissipação de energia, incluindo cabeamento e resistor de frenagem quando aplicável, e confirmar os parâmetros de desaceleração. Corrigir a causa antes de rearmar; persistindo o alarme, avaliar o drive."
6.1.10 Tração e Rodas;440;Fault;Train Front: TL1 Drive Over Temperature;Temperatura interna elevada no drive devido a carga excessiva, ciclos repetitivos, ventilação insuficiente, acúmulo de sujeira, temperatura ambiente elevada ou degradação do acionamento.;Parar o equipamento e aguardar o resfriamento em condição segura. Verificar ventilação, limpeza, fixação, circulação de ar e carga mecânica do eixo. Confirmar se o ciclo de operação está adequado e rearmar após normalização. Se o aquecimento retornar, avaliar o drive.
6.1.10 Tração e Rodas;441;Fault;Train Front: TL1 Drive Internal Voltage Error;Falha em uma tensão interna do drive causada por variação da alimentação, queda momentânea, conexão de potência instável, falha na fonte interna ou defeito eletrônico do acionamento.;Verificar alimentação, aperto e integridade dos cabos e conectores de potência. Desenergizar e energizar conforme o procedimento de manutenção, observando se o erro reaparece. Se a alimentação estiver estável e o alarme persistir, registrar o diagnóstico e substituir o drive.
6.1.10 Tração e Rodas;442;Fault;Train Front: TL1 Position Error;Desvio excessivo entre a posição comandada e a posição real por obstrução mecânica, sobrecarga, folga ou desacoplamento, falha de encoder, conexão de realimentação deficiente ou parametrização inadequada.;Verificar se o mecanismo está livre, alinhado e sem folgas anormais. Inspecionar acoplamentos, freio, encoder, cabos e conectores de realimentação. Confirmar referência e parâmetros de posição, executar a homogeneização ou referência prevista e testar o movimento em baixa solicitação.
6.1.10 Tração e Rodas;443;Fault;Train Front: TL1 Motor Encoder Disconnected;Ausência do sinal do encoder do motor por conector solto, cabo rompido ou danificado, alimentação do sensor ausente, blindagem inadequada ou falha do próprio encoder.;"Inspecionar e reconectar o cabo do encoder, verificando pinos, continuidade, blindagem e fixação. Confirmar a alimentação e a leitura do sinal no diagnóstico. Corrigir o cabeamento ou substituir o encoder; se o sinal estiver correto e o alarme permanecer, avaliar a entrada do drive."
6.1.10 Tração e Rodas;444;Fault;Train Front: TL1 Regen Failed;Falha no processo de regeneração por tensão elevada no barramento, circuito de dissipação interrompido, resistor de frenagem desconectado ou danificado, parâmetros incompatíveis ou defeito no estágio regenerativo do drive.;Verificar o circuito de frenagem regenerativa, conexões e integridade do elemento de dissipação. Confirmar a alimentação e os parâmetros de desaceleração. Corrigir cabos ou componentes danificados, rearmar e testar. Persistindo a falha, avaliar o estágio de potência do drive.
6.1.10 Tração e Rodas;445;Fault;Train Front: TL1 Safe Torque Off（STO）;Função de torque seguro ativa por acionamento de emergência, circuito de segurança aberto, ausência ou discrepância entre canais de segurança, falha de contato, cabo ou conector, ou entrada de segurança do drive não habilitada.;Confirmar que a área está segura e que todos os dispositivos de emergência foram liberados. Verificar os dois canais do circuito de segurança, contatos, cabos, conectores e sinais de habilitação. Eliminar a falha, executar o rearme de segurança e somente então reabilitar o movimento.
6.1.10 Tração e Rodas;446;Fault;Train Front: TL1 Bad FPGA;Falha interna de hardware ou firmware no drive, possivelmente associada a inicialização incorreta, alimentação instável, corrupção de firmware ou defeito eletrônico.;Verificar a qualidade da alimentação e executar uma reinicialização controlada. Registrar o código de diagnóstico e conferir a versão e a integridade da configuração. Se o erro retornar, retirar o eixo de operação e substituir ou encaminhar o drive para avaliação técnica.
6.1.10 Tração e Rodas;447;Fault;Train Front: TL1 Parameter Read Failed;Falha na leitura dos parâmetros do drive por memória corrompida, arquivo de configuração incompatível, interrupção durante a inicialização, comunicação instável ou defeito interno de memória.;Reinicializar o acionamento de forma controlada e verificar a comunicação com o controlador. Restaurar os parâmetros aprovados para o eixo e confirmar a gravação. Se a leitura continuar falhando, preservar o diagnóstico e substituir o drive ou sua memória conforme o procedimento.
6.1.10 Tração e Rodas;448;Fault;Train Front: TL1 Motor Encoder Multi-turn Error;Informação multivoltas do encoder absoluto inválida por perda de referência, falha de alimentação de retenção, cabo ou conector defeituoso, configuração incorreta ou defeito do encoder.;Inspecionar alimentação, cabo, conector e sinal do encoder absoluto. Confirmar a configuração e executar o procedimento de referência previsto para o eixo. Se a informação multivoltas não for recuperada, substituir o encoder e validar novamente a posição antes de liberar o movimento.
6.1.10 Tração e Rodas;449;Fault;Train Front: TL1 Motor Stall Protection;Proteção por motor bloqueado, causada por travamento mecânico, carga excessiva, freio não liberado, comando sem movimento, falha de fase, problema de realimentação ou parâmetros de torque inadequados.;Parar o equipamento, remover a carga ou obstrução e verificar se o mecanismo se movimenta livremente. Conferir liberação do freio, cabos do motor, encoder e parâmetros de torque. Rearmar somente após eliminar a causa e testar o eixo com carga reduzida.
6.1.10 Tração e Rodas;450;Fault;Train Front: TL1 Drive Power Module Over Temperature;Temperatura elevada no módulo de potência por corrente excessiva, ventilação deficiente, dissipação térmica inadequada, ciclos severos, temperatura ambiente elevada ou degradação do módulo.;Desabilitar o movimento e aguardar o resfriamento. Limpar o conjunto, verificar ventilação, montagem e dissipação térmica, além da carga e do ciclo do eixo. Após normalizar, testar o acionamento. Se o alarme retornar, avaliar o módulo de potência ou substituir o drive.
6.1.10 Tração e Rodas;451;Fault;Train Front: TL1 N Limit;Limite de curso negativo ativo por posição mecânica no fim de curso, sensor ou entrada acionada, alvo desalinhado, cabo em curto ou parametrização incorreta do sentido de movimento.;Verificar a posição física do eixo e afastá-lo do limite somente em modo e procedimento seguros. Inspecionar sensor, alvo, cabo, conector e estado da entrada. Corrigir alinhamento ou parametrização, confirmar a liberação do sinal e testar o curso completo.
6.1.10 Tração e Rodas;452;Fault;Train Front: TL1 P Limit;Limite de curso positivo ativo por posição mecânica no fim de curso, sensor ou entrada acionada, alvo desalinhado, cabo em curto ou parametrização incorreta do sentido de movimento.;Verificar a posição física do eixo e afastá-lo do limite somente em modo e procedimento seguros. Inspecionar sensor, alvo, cabo, conector e estado da entrada. Corrigir alinhamento ou parametrização, confirmar a liberação do sinal e testar o curso completo.
6.1.10 Tração e Rodas;453;Fault;Train Front: TL1 N&P Limit;Ativação simultânea dos limites positivo e negativo, normalmente causada por falha de cabeamento, curto entre entradas, sensores acionados simultaneamente, alimentação incorreta ou configuração incompatível.;Não movimentar o eixo até localizar a causa. Verificar os dois sensores de limite, alvos, cabos, conectores e estados das entradas. Corrigir curto, inversão ou parametrização e confirmar que apenas o sinal correspondente à posição física permanece ativo.
6.1.10 Tração e Rodas;454;Fault;Train Front: TL1 Current Foldback;Redução automática de corrente pelo drive devido a sobrecarga, aquecimento, operação prolongada em alto torque, travamento parcial, parametrização inadequada ou condição de proteção do estágio de potência.;"Verificar carga, atrito, alinhamento e liberdade mecânica do eixo. Confirmar temperatura e ventilação do motor e do drive, além dos parâmetros de corrente e aceleração. Corrigir a condição de esforço excessivo e testar o movimento; persistindo, avaliar motor e drive."
6.1.10 Tração e Rodas;455;Fault;Train Front: TL1 Move @ Disabled;Comando de movimento recebido enquanto o drive estava desabilitado por ausência de habilitação, função de segurança ativa, sequência de partida incompleta, falha de comunicação ou lógica de comando inconsistente.;Verificar a sequência de habilitação, permissivos, circuito de segurança e estado de comunicação. Eliminar a condição que mantém o drive desabilitado e cancelar comandos pendentes. Após o rearme correto, emitir novo comando e confirmar a resposta do eixo.
6.1.10 Tração e Rodas;456;Fault;Train Front: TL1 Drive Low Voltage;Tensão insuficiente no barramento do drive por bateria descarregada, proteção do BMS ativa, disjuntor aberto, queda de tensão em cabos ou conectores, alimentação instável ou consumo excessivo.;Verificar o estado da bateria e os eventos do BMS, além dos dispositivos de proteção, cabos e conexões de potência. Corrigir quedas de tensão ou mau contato, recarregar a bateria quando necessário e testar o acionamento sob carga. Persistindo, avaliar o drive.
6.1.10 Tração e Rodas;457;Fault;Train Front: TL1 Blank Q Segment;Segmento de movimento ausente ou inválido na fila do drive, causado por comando incompleto, sequência de trajetória incorreta, perda de comunicação, parâmetro incompatível ou falha de sincronização com o controlador.;Interromper o ciclo e limpar a sequência de movimento conforme o procedimento. Verificar comunicação, comandos enviados e parâmetros de trajetória. Reinicializar o eixo, reenviar a referência e testar. Se recorrente, analisar o registro do controlador e a configuração do movimento.
6.1.10 Tração e Rodas;458;Fault;Train Front: TL1 Velocity Limit;Limite de velocidade atingido ou excedido por comando acima do permitido, escala incorreta, parâmetro inadequado, realimentação de velocidade instável ou movimento mecânico não controlado.;Verificar o valor comandado, escalas e parâmetros de velocidade e aceleração. Inspecionar encoder, acoplamento e mecanismo para eliminar instabilidade. Corrigir a configuração, executar referência quando necessária e testar o eixo dentro das condições previstas.
6.1.10 Tração e Rodas;459;Fault;Train Front: TL1 Drive Power Phase Lost;Interrupção em uma fase de potência entre drive e motor, causada por cabo rompido, conector solto, terminal danificado, falha de enrolamento ou defeito no estágio de saída do drive.;"Desenergizar o circuito e verificar continuidade, aperto e integridade dos cabos e conectores do motor. Medir os enrolamentos e comparar as fases. Corrigir o cabeamento ou substituir o motor; se as fases estiverem normais, avaliar o estágio de potência do drive."
6.1.10 Tração e Rodas;460;Fault;Train Front: TL1 Emergency Stop;Comando de parada de emergência presente no drive devido a dispositivo acionado, circuito de segurança aberto, falha de contato ou cabeamento, ou sequência de rearme não concluída.;Colocar o equipamento em condição segura, identificar e liberar o dispositivo acionado e verificar o circuito de segurança. Confirmar contatos, cabos, conectores e permissivos. Executar o rearme previsto somente após eliminar a causa e inspecionar a área.
6.1.10 Tração e Rodas;461;Fault;Train Front: TL1 Abs.Encoder Battery;Bateria de retenção do encoder absoluto com carga baixa, desconectada ou defeituosa, podendo comprometer a preservação da posição quando a alimentação principal é removida.;Verificar a condição e a conexão da bateria de retenção associada ao encoder. Substituí-la conforme o procedimento do fabricante, mantendo a referência quando aplicável. Em seguida, confirmar a posição absoluta e executar nova referência antes de liberar o eixo.
6.1.10 Tração e Rodas;462;Fault;Train Front: TL1 Abs.Position Lost Warning;Referência de posição absoluta perdida por falha ou substituição da bateria de retenção, desconexão do encoder, interrupção prolongada de alimentação, alteração de parâmetros ou substituição do componente.;Inspecionar encoder, bateria de retenção, cabo e conectores. Restaurar os parâmetros aprovados e executar o procedimento de referência do eixo. Validar os limites e a posição real antes de retornar ao modo automático.
6.1.10 Tração e Rodas;463;Fault;Train Front: TL1 Abs Position Overflow;Valor de posição absoluta fora da faixa de contagem por excesso de voltas, escala ou relação mecânica incorreta, referência inadequada ou dados inválidos do encoder.;Verificar a posição física, escala, relação mecânica e parâmetros do encoder. Corrigir a configuração, zerar ou referenciar o eixo conforme o procedimento e validar os limites de curso. Se o valor continuar incoerente, avaliar o encoder e o drive.
6.1.10 Tração e Rodas;464;Fault;Train Front: TL1 Motor Over Temperature;Temperatura elevada do motor devido a sobrecarga, travamento, freio parcialmente aplicado, ciclos intensos, ventilação insuficiente, falha do sensor térmico ou degradação do motor.;Parar o eixo e aguardar o resfriamento. Verificar carga, liberdade mecânica, freio, ventilação, cabos e leitura do sensor térmico. Corrigir a causa e testar com carga reduzida. Se o aquecimento ou o alarme retornar, avaliar ou substituir o motor.
6.1.10 Tração e Rodas;465;Fault;Train Front: TL1 Drive Voltage Warning;Advertência de tensão no drive por alimentação próxima dos limites operacionais, oscilação da bateria, queda em cabos e conectores, regeneração elevada ou instabilidade no circuito de potência.;Verificar a alimentação durante o movimento, o estado da bateria e do BMS, dispositivos de proteção e conexões de potência. Corrigir mau contato ou queda de tensão e revisar as condições de aceleração e desaceleração. Monitorar o drive após o teste.
6.1.10 Tração e Rodas;466;Fault;Train Front: TL1 Save Failed;Falha ao gravar parâmetros no drive por queda de alimentação, memória indisponível ou danificada, proteção de escrita, arquivo incompatível ou interrupção da comunicação durante a gravação.;Estabilizar a alimentação e repetir a gravação com o eixo parado. Verificar comunicação, permissões e compatibilidade do conjunto de parâmetros. Confirmar a leitura após salvar. Se a falha persistir, preservar os dados de diagnóstico e substituir o drive.
6.1.10 Tração e Rodas;467;Fault;Train Front: TL1 Other Error;Falha interna ou condição não categorizada pelo texto do alarme, podendo estar associada a alimentação, comunicação, parametrização, hardware do drive ou dispositivo conectado.;Consultar o código detalhado no diagnóstico do drive, registrar o estado no momento da falha e verificar alimentação, comunicação, cabos e parâmetros. Executar reinicialização controlada. Se o código persistir, seguir o diagnóstico específico ou substituir o componente afetado.
6.1.10 Tração e Rodas;468;Fault;Train Front: TL1 Speed Follow Error;Velocidade real não acompanhou a referência devido a sobrecarga, travamento, freio não liberado, perda de torque, falha de encoder, cabo de motor defeituoso ou parâmetros de controle inadequados.;Verificar liberdade mecânica, carga e liberação do freio. Inspecionar motor, encoder, cabos e conectores e confirmar parâmetros de velocidade, aceleração e controle. Corrigir a causa, referenciar o eixo quando necessário e testar com solicitação reduzida.
6.1.10 Tração e Rodas;469;Fault;Train Rear: TL3 Drive Over Current;Corrente elevada no acionamento por sobrecarga mecânica, travamento do conjunto, aceleração excessiva, curto ou mau contato nos cabos do motor, falha de isolamento ou defeito interno no motor ou no drive.;Imobilizar o veículo, verificar se o eixo se movimenta livremente e remover travamentos ou excesso de carga. Inspecionar cabos, conectores e isolamento do motor, conferir alimentação e parâmetros de movimento e, após eliminar a causa, rearmar o acionamento. Substituir o motor ou o drive somente após diagnóstico.
6.1.10 Tração e Rodas;470;Fault;Train Rear: TL3 Drive Over Voltage;Tensão elevada no barramento do acionamento, provocada por alimentação fora da faixa, energia regenerativa não dissipada, falha no circuito de frenagem regenerativa, conexão deficiente ou defeito interno no drive.;"Verificar a estabilidade da alimentação e as conexões de potência. Inspecionar o circuito de dissipação de energia, incluindo cabeamento e resistor de frenagem quando aplicável, e confirmar os parâmetros de desaceleração. Corrigir a causa antes de rearmar; persistindo o alarme, avaliar o drive."
6.1.10 Tração e Rodas;471;Fault;Train Rear: TL3 Drive Over Temperature;Temperatura interna elevada no drive devido a carga excessiva, ciclos repetitivos, ventilação insuficiente, acúmulo de sujeira, temperatura ambiente elevada ou degradação do acionamento.;Parar o equipamento e aguardar o resfriamento em condição segura. Verificar ventilação, limpeza, fixação, circulação de ar e carga mecânica do eixo. Confirmar se o ciclo de operação está adequado e rearmar após normalização. Se o aquecimento retornar, avaliar o drive.
6.1.10 Tração e Rodas;472;Fault;Train Rear: TL3 Drive Internal Voltage Error;Falha em uma tensão interna do drive causada por variação da alimentação, queda momentânea, conexão de potência instável, falha na fonte interna ou defeito eletrônico do acionamento.;Verificar alimentação, aperto e integridade dos cabos e conectores de potência. Desenergizar e energizar conforme o procedimento de manutenção, observando se o erro reaparece. Se a alimentação estiver estável e o alarme persistir, registrar o diagnóstico e substituir o drive.
6.1.10 Tração e Rodas;473;Fault;Train Rear: TL3 Position Error;Desvio excessivo entre a posição comandada e a posição real por obstrução mecânica, sobrecarga, folga ou desacoplamento, falha de encoder, conexão de realimentação deficiente ou parametrização inadequada.;Verificar se o mecanismo está livre, alinhado e sem folgas anormais. Inspecionar acoplamentos, freio, encoder, cabos e conectores de realimentação. Confirmar referência e parâmetros de posição, executar a homogeneização ou referência prevista e testar o movimento em baixa solicitação.
6.1.10 Tração e Rodas;474;Fault;Train Rear: TL3 Motor Encoder Disconnected;Ausência do sinal do encoder do motor por conector solto, cabo rompido ou danificado, alimentação do sensor ausente, blindagem inadequada ou falha do próprio encoder.;"Inspecionar e reconectar o cabo do encoder, verificando pinos, continuidade, blindagem e fixação. Confirmar a alimentação e a leitura do sinal no diagnóstico. Corrigir o cabeamento ou substituir o encoder; se o sinal estiver correto e o alarme permanecer, avaliar a entrada do drive."
6.1.10 Tração e Rodas;475;Fault;Train Rear: TL3 Regen Failed;Falha no processo de regeneração por tensão elevada no barramento, circuito de dissipação interrompido, resistor de frenagem desconectado ou danificado, parâmetros incompatíveis ou defeito no estágio regenerativo do drive.;Verificar o circuito de frenagem regenerativa, conexões e integridade do elemento de dissipação. Confirmar a alimentação e os parâmetros de desaceleração. Corrigir cabos ou componentes danificados, rearmar e testar. Persistindo a falha, avaliar o estágio de potência do drive.
6.1.10 Tração e Rodas;476;Fault;Train Rear: TL3 Safe Torque Off（STO）;Função de torque seguro ativa por acionamento de emergência, circuito de segurança aberto, ausência ou discrepância entre canais de segurança, falha de contato, cabo ou conector, ou entrada de segurança do drive não habilitada.;Confirmar que a área está segura e que todos os dispositivos de emergência foram liberados. Verificar os dois canais do circuito de segurança, contatos, cabos, conectores e sinais de habilitação. Eliminar a falha, executar o rearme de segurança e somente então reabilitar o movimento.
6.1.10 Tração e Rodas;477;Fault;Train Rear: TL3 Bad FPGA;Falha interna de hardware ou firmware no drive, possivelmente associada a inicialização incorreta, alimentação instável, corrupção de firmware ou defeito eletrônico.;Verificar a qualidade da alimentação e executar uma reinicialização controlada. Registrar o código de diagnóstico e conferir a versão e a integridade da configuração. Se o erro retornar, retirar o eixo de operação e substituir ou encaminhar o drive para avaliação técnica.
6.1.10 Tração e Rodas;478;Fault;Train Rear: TL3 Parameter Read Failed;Falha na leitura dos parâmetros do drive por memória corrompida, arquivo de configuração incompatível, interrupção durante a inicialização, comunicação instável ou defeito interno de memória.;Reinicializar o acionamento de forma controlada e verificar a comunicação com o controlador. Restaurar os parâmetros aprovados para o eixo e confirmar a gravação. Se a leitura continuar falhando, preservar o diagnóstico e substituir o drive ou sua memória conforme o procedimento.
6.1.10 Tração e Rodas;479;Fault;Train Rear: TL3 Motor Encoder Multi-turn Error;Informação multivoltas do encoder absoluto inválida por perda de referência, falha de alimentação de retenção, cabo ou conector defeituoso, configuração incorreta ou defeito do encoder.;Inspecionar alimentação, cabo, conector e sinal do encoder absoluto. Confirmar a configuração e executar o procedimento de referência previsto para o eixo. Se a informação multivoltas não for recuperada, substituir o encoder e validar novamente a posição antes de liberar o movimento.
6.1.10 Tração e Rodas;480;Fault;Train Rear: TL3 Motor Stall Protection;Proteção por motor bloqueado, causada por travamento mecânico, carga excessiva, freio não liberado, comando sem movimento, falha de fase, problema de realimentação ou parâmetros de torque inadequados.;Parar o equipamento, remover a carga ou obstrução e verificar se o mecanismo se movimenta livremente. Conferir liberação do freio, cabos do motor, encoder e parâmetros de torque. Rearmar somente após eliminar a causa e testar o eixo com carga reduzida.
6.1.10 Tração e Rodas;481;Fault;Train Rear: TL3 Drive Power Module Over Temperature;Temperatura elevada no módulo de potência por corrente excessiva, ventilação deficiente, dissipação térmica inadequada, ciclos severos, temperatura ambiente elevada ou degradação do módulo.;Desabilitar o movimento e aguardar o resfriamento. Limpar o conjunto, verificar ventilação, montagem e dissipação térmica, além da carga e do ciclo do eixo. Após normalizar, testar o acionamento. Se o alarme retornar, avaliar o módulo de potência ou substituir o drive.
6.1.10 Tração e Rodas;482;Fault;Train Rear: TL3 N Limit;Limite de curso negativo ativo por posição mecânica no fim de curso, sensor ou entrada acionada, alvo desalinhado, cabo em curto ou parametrização incorreta do sentido de movimento.;Verificar a posição física do eixo e afastá-lo do limite somente em modo e procedimento seguros. Inspecionar sensor, alvo, cabo, conector e estado da entrada. Corrigir alinhamento ou parametrização, confirmar a liberação do sinal e testar o curso completo.
6.1.10 Tração e Rodas;483;Fault;Train Rear: TL3 P Limit;Limite de curso positivo ativo por posição mecânica no fim de curso, sensor ou entrada acionada, alvo desalinhado, cabo em curto ou parametrização incorreta do sentido de movimento.;Verificar a posição física do eixo e afastá-lo do limite somente em modo e procedimento seguros. Inspecionar sensor, alvo, cabo, conector e estado da entrada. Corrigir alinhamento ou parametrização, confirmar a liberação do sinal e testar o curso completo.
6.1.10 Tração e Rodas;484;Fault;Train Rear: TL3 N&P Limit;Ativação simultânea dos limites positivo e negativo, normalmente causada por falha de cabeamento, curto entre entradas, sensores acionados simultaneamente, alimentação incorreta ou configuração incompatível.;Não movimentar o eixo até localizar a causa. Verificar os dois sensores de limite, alvos, cabos, conectores e estados das entradas. Corrigir curto, inversão ou parametrização e confirmar que apenas o sinal correspondente à posição física permanece ativo.
6.1.10 Tração e Rodas;485;Fault;Train Rear: TL3 Current Foldback;Redução automática de corrente pelo drive devido a sobrecarga, aquecimento, operação prolongada em alto torque, travamento parcial, parametrização inadequada ou condição de proteção do estágio de potência.;"Verificar carga, atrito, alinhamento e liberdade mecânica do eixo. Confirmar temperatura e ventilação do motor e do drive, além dos parâmetros de corrente e aceleração. Corrigir a condição de esforço excessivo e testar o movimento; persistindo, avaliar motor e drive."
6.1.10 Tração e Rodas;486;Fault;Train Rear: TL3 Move @ Disabled;Comando de movimento recebido enquanto o drive estava desabilitado por ausência de habilitação, função de segurança ativa, sequência de partida incompleta, falha de comunicação ou lógica de comando inconsistente.;Verificar a sequência de habilitação, permissivos, circuito de segurança e estado de comunicação. Eliminar a condição que mantém o drive desabilitado e cancelar comandos pendentes. Após o rearme correto, emitir novo comando e confirmar a resposta do eixo.
6.1.10 Tração e Rodas;487;Fault;Train Rear: TL3 Drive Low Voltage;Tensão insuficiente no barramento do drive por bateria descarregada, proteção do BMS ativa, disjuntor aberto, queda de tensão em cabos ou conectores, alimentação instável ou consumo excessivo.;Verificar o estado da bateria e os eventos do BMS, além dos dispositivos de proteção, cabos e conexões de potência. Corrigir quedas de tensão ou mau contato, recarregar a bateria quando necessário e testar o acionamento sob carga. Persistindo, avaliar o drive.
6.1.10 Tração e Rodas;488;Fault;Train Rear: TL3 Blank Q Segment;Segmento de movimento ausente ou inválido na fila do drive, causado por comando incompleto, sequência de trajetória incorreta, perda de comunicação, parâmetro incompatível ou falha de sincronização com o controlador.;Interromper o ciclo e limpar a sequência de movimento conforme o procedimento. Verificar comunicação, comandos enviados e parâmetros de trajetória. Reinicializar o eixo, reenviar a referência e testar. Se recorrente, analisar o registro do controlador e a configuração do movimento.
6.1.10 Tração e Rodas;489;Fault;Train Rear: TL3 Velocity Limit;Limite de velocidade atingido ou excedido por comando acima do permitido, escala incorreta, parâmetro inadequado, realimentação de velocidade instável ou movimento mecânico não controlado.;Verificar o valor comandado, escalas e parâmetros de velocidade e aceleração. Inspecionar encoder, acoplamento e mecanismo para eliminar instabilidade. Corrigir a configuração, executar referência quando necessária e testar o eixo dentro das condições previstas.
6.1.10 Tração e Rodas;490;Fault;Train Rear: TL3 Drive Power Phase Lost;Interrupção em uma fase de potência entre drive e motor, causada por cabo rompido, conector solto, terminal danificado, falha de enrolamento ou defeito no estágio de saída do drive.;"Desenergizar o circuito e verificar continuidade, aperto e integridade dos cabos e conectores do motor. Medir os enrolamentos e comparar as fases. Corrigir o cabeamento ou substituir o motor; se as fases estiverem normais, avaliar o estágio de potência do drive."
6.1.10 Tração e Rodas;491;Fault;Train Rear: TL3 Emergency Stop;Comando de parada de emergência presente no drive devido a dispositivo acionado, circuito de segurança aberto, falha de contato ou cabeamento, ou sequência de rearme não concluída.;Colocar o equipamento em condição segura, identificar e liberar o dispositivo acionado e verificar o circuito de segurança. Confirmar contatos, cabos, conectores e permissivos. Executar o rearme previsto somente após eliminar a causa e inspecionar a área.
6.1.10 Tração e Rodas;492;Fault;Train Rear: TL3 Abs.Encoder Battery;Bateria de retenção do encoder absoluto com carga baixa, desconectada ou defeituosa, podendo comprometer a preservação da posição quando a alimentação principal é removida.;Verificar a condição e a conexão da bateria de retenção associada ao encoder. Substituí-la conforme o procedimento do fabricante, mantendo a referência quando aplicável. Em seguida, confirmar a posição absoluta e executar nova referência antes de liberar o eixo.
6.1.10 Tração e Rodas;493;Fault;Train Rear: TL3 Abs.Position Lost Warning;Referência de posição absoluta perdida por falha ou substituição da bateria de retenção, desconexão do encoder, interrupção prolongada de alimentação, alteração de parâmetros ou substituição do componente.;Inspecionar encoder, bateria de retenção, cabo e conectores. Restaurar os parâmetros aprovados e executar o procedimento de referência do eixo. Validar os limites e a posição real antes de retornar ao modo automático.
6.1.10 Tração e Rodas;494;Fault;Train Rear: TL3 Abs Position Overflow;Valor de posição absoluta fora da faixa de contagem por excesso de voltas, escala ou relação mecânica incorreta, referência inadequada ou dados inválidos do encoder.;Verificar a posição física, escala, relação mecânica e parâmetros do encoder. Corrigir a configuração, zerar ou referenciar o eixo conforme o procedimento e validar os limites de curso. Se o valor continuar incoerente, avaliar o encoder e o drive.
6.1.10 Tração e Rodas;495;Fault;Train Rear: TL3 Motor Over Temperature;Temperatura elevada do motor devido a sobrecarga, travamento, freio parcialmente aplicado, ciclos intensos, ventilação insuficiente, falha do sensor térmico ou degradação do motor.;Parar o eixo e aguardar o resfriamento. Verificar carga, liberdade mecânica, freio, ventilação, cabos e leitura do sensor térmico. Corrigir a causa e testar com carga reduzida. Se o aquecimento ou o alarme retornar, avaliar ou substituir o motor.
6.1.10 Tração e Rodas;496;Fault;Train Rear: TL3 Drive Voltage Warning;Advertência de tensão no drive por alimentação próxima dos limites operacionais, oscilação da bateria, queda em cabos e conectores, regeneração elevada ou instabilidade no circuito de potência.;Verificar a alimentação durante o movimento, o estado da bateria e do BMS, dispositivos de proteção e conexões de potência. Corrigir mau contato ou queda de tensão e revisar as condições de aceleração e desaceleração. Monitorar o drive após o teste.
6.1.10 Tração e Rodas;497;Fault;Train Rear: TL3 Save Failed;Falha ao gravar parâmetros no drive por queda de alimentação, memória indisponível ou danificada, proteção de escrita, arquivo incompatível ou interrupção da comunicação durante a gravação.;Estabilizar a alimentação e repetir a gravação com o eixo parado. Verificar comunicação, permissões e compatibilidade do conjunto de parâmetros. Confirmar a leitura após salvar. Se a falha persistir, preservar os dados de diagnóstico e substituir o drive.
6.1.10 Tração e Rodas;498;Fault;Train Rear: TL3 Other Error;Falha interna ou condição não categorizada pelo texto do alarme, podendo estar associada a alimentação, comunicação, parametrização, hardware do drive ou dispositivo conectado.;Consultar o código detalhado no diagnóstico do drive, registrar o estado no momento da falha e verificar alimentação, comunicação, cabos e parâmetros. Executar reinicialização controlada. Se o código persistir, seguir o diagnóstico específico ou substituir o componente afetado.
6.1.10 Tração e Rodas;500;Fault;Wheels: Agv Stopped by Master Controller;O veículo recebeu comando de parada do controlador mestre por gerenciamento de tráfego, bloqueio de rota, condição de processo, intertravamento, segurança ou perda de dados válidos.;Confirmar no sistema mestre o motivo da parada, verificar rota, tráfego, permissivos e condições de processo e segurança. Restabelecer a comunicação ou remover o bloqueio autorizado. Liberar o veículo somente após o comando de retomada e validação da área.
6.1.10 Tração e Rodas;501;Fault;Wheels: STO Failure Drive 60TL1;Falha na função de torque seguro do drive por ausência ou discrepância entre canais de segurança, emergência acionada, contato ou relé defeituoso, cabo ou conector interrompido, sequência de rearme incompleta ou entrada de segurança do drive com falha.;Colocar o veículo em condição segura, liberar os dispositivos de emergência e verificar os dois canais do circuito de torque seguro, contatos, relés, cabos, conectores e sinais de habilitação. Corrigir a discrepância, executar o rearme de segurança e testar a parada antes de liberar o movimento.
6.1.10 Tração e Rodas;502;Fault;Wheels: STO Failure Drive 60TL1;Falha na função de torque seguro do drive por ausência ou discrepância entre canais de segurança, emergência acionada, contato ou relé defeituoso, cabo ou conector interrompido, sequência de rearme incompleta ou entrada de segurança do drive com falha.;Colocar o veículo em condição segura, liberar os dispositivos de emergência e verificar os dois canais do circuito de torque seguro, contatos, relés, cabos, conectores e sinais de habilitação. Corrigir a discrepância, executar o rearme de segurança e testar a parada antes de liberar o movimento.
6.1.10 Tração e Rodas;503;Fault;Wheels: STO Failure Drive 61TL1;Falha na função de torque seguro do drive por ausência ou discrepância entre canais de segurança, emergência acionada, contato ou relé defeituoso, cabo ou conector interrompido, sequência de rearme incompleta ou entrada de segurança do drive com falha.;Colocar o veículo em condição segura, liberar os dispositivos de emergência e verificar os dois canais do circuito de torque seguro, contatos, relés, cabos, conectores e sinais de habilitação. Corrigir a discrepância, executar o rearme de segurança e testar a parada antes de liberar o movimento.
6.1.10 Tração e Rodas;504;Fault;Wheels: STO Failure Drive 62TL1;Falha na função de torque seguro do drive por ausência ou discrepância entre canais de segurança, emergência acionada, contato ou relé defeituoso, cabo ou conector interrompido, sequência de rearme incompleta ou entrada de segurança do drive com falha.;Colocar o veículo em condição segura, liberar os dispositivos de emergência e verificar os dois canais do circuito de torque seguro, contatos, relés, cabos, conectores e sinais de habilitação. Corrigir a discrepância, executar o rearme de segurança e testar a parada antes de liberar o movimento.
6.1.10 Tração e Rodas;505;Fault;Wheels: STO Failure Drive 63TL1;Falha na função de torque seguro do drive por ausência ou discrepância entre canais de segurança, emergência acionada, contato ou relé defeituoso, cabo ou conector interrompido, sequência de rearme incompleta ou entrada de segurança do drive com falha.;Colocar o veículo em condição segura, liberar os dispositivos de emergência e verificar os dois canais do circuito de torque seguro, contatos, relés, cabos, conectores e sinais de habilitação. Corrigir a discrepância, executar o rearme de segurança e testar a parada antes de liberar o movimento.
6.1.10 Tração e Rodas;506;Fault;Wheels: Brake 60TL1 - Not Open;O freio não abriu após o comando, possivelmente por mecanismo travado, bobina sem alimentação, relé ou contato de comando defeituoso, cabo ou conector danificado, ajuste mecânico incorreto ou sinal de retorno inconsistente.;Imobilizar o veículo e verificar o mecanismo do freio, alimentação da bobina, relés, contatos, cabos e conectores. Confirmar a liberação mecânica e o sinal de retorno quando existente. Corrigir o ajuste ou substituir o componente e testar repetidamente antes de liberar a tração.
6.1.10 Tração e Rodas;507;Fault;Wheels: Brake 62TL1 - Not Open;O freio não abriu após o comando, possivelmente por mecanismo travado, bobina sem alimentação, relé ou contato de comando defeituoso, cabo ou conector danificado, ajuste mecânico incorreto ou sinal de retorno inconsistente.;Imobilizar o veículo e verificar o mecanismo do freio, alimentação da bobina, relés, contatos, cabos e conectores. Confirmar a liberação mecânica e o sinal de retorno quando existente. Corrigir o ajuste ou substituir o componente e testar repetidamente antes de liberar a tração.
6.1.10 Tração e Rodas;508;Fault;Wheels: Brake 60TL1 - Not Close;O freio não fechou após o comando, possivelmente por mecanismo travado, bobina sem alimentação, relé ou contato de comando defeituoso, cabo ou conector danificado, ajuste mecânico incorreto ou sinal de retorno inconsistente.;Imobilizar o veículo e verificar o mecanismo do freio, alimentação da bobina, relés, contatos, cabos e conectores. Confirmar a aplicação mecânica e o sinal de retorno quando existente. Corrigir o ajuste ou substituir o componente e testar repetidamente antes de liberar a tração.
6.1.10 Tração e Rodas;509;Fault;Wheels: Brake 62TL1 - Not Close;O freio não fechou após o comando, possivelmente por mecanismo travado, bobina sem alimentação, relé ou contato de comando defeituoso, cabo ou conector danificado, ajuste mecânico incorreto ou sinal de retorno inconsistente.;Imobilizar o veículo e verificar o mecanismo do freio, alimentação da bobina, relés, contatos, cabos e conectores. Confirmar a aplicação mecânica e o sinal de retorno quando existente. Corrigir o ajuste ou substituir o componente e testar repetidamente antes de liberar a tração.
6.1.11 Elevação;532;Fault;Lift - FL Control: Fault to follow Position Target During Movement;A posição real do mecanismo de elevação não acompanhou o alvo durante o movimento por obstrução, sobrecarga, desalinhamento, freio não liberado, falha do drive ou motor, perda de encoder ou diferença mecânica entre os pontos de elevação.;Parar o movimento e apoiar a carga em condição segura. Verificar obstruções, carga, alinhamento, transmissão, freio, motor, drive, encoder, cabos e conectores. Corrigir a causa, referenciar o eixo e testar sem carga ou com carga controlada antes de liberar.
6.1.11 Elevação;533;Warnings;Lift - FL Control: Warning to follow Position Target During Movement;O mecanismo de elevação apresentou desvio crescente entre posição real e alvo, indicando sobrecarga, atrito, desalinhamento, início de travamento, freio parcialmente liberado, realimentação instável ou ajuste inadequado.;Interromper o ciclo de forma segura e verificar carga, alinhamento, transmissão, freio, encoder e conexões. Confirmar parâmetros de movimento e sincronismo, referenciar o eixo quando necessário e testar sob condição controlada para evitar evolução para falha.
6.1.11 Elevação;562;Fault;Lift - FR Control: Fault to follow Position Target During Movement;A posição real do mecanismo de elevação não acompanhou o alvo durante o movimento por obstrução, sobrecarga, desalinhamento, freio não liberado, falha do drive ou motor, perda de encoder ou diferença mecânica entre os pontos de elevação.;Parar o movimento e apoiar a carga em condição segura. Verificar obstruções, carga, alinhamento, transmissão, freio, motor, drive, encoder, cabos e conectores. Corrigir a causa, referenciar o eixo e testar sem carga ou com carga controlada antes de liberar.
6.1.11 Elevação;563;Warnings;Lift - FR Control: Warning to follow Position Target During Movement;O mecanismo de elevação apresentou desvio crescente entre posição real e alvo, indicando sobrecarga, atrito, desalinhamento, início de travamento, freio parcialmente liberado, realimentação instável ou ajuste inadequado.;Interromper o ciclo de forma segura e verificar carga, alinhamento, transmissão, freio, encoder e conexões. Confirmar parâmetros de movimento e sincronismo, referenciar o eixo quando necessário e testar sob condição controlada para evitar evolução para falha.
6.1.11 Elevação;592;Fault;Lift - RL Control: Fault to follow Position Target During Movement;A posição real do mecanismo de elevação não acompanhou o alvo durante o movimento por obstrução, sobrecarga, desalinhamento, freio não liberado, falha do drive ou motor, perda de encoder ou diferença mecânica entre os pontos de elevação.;Parar o movimento e apoiar a carga em condição segura. Verificar obstruções, carga, alinhamento, transmissão, freio, motor, drive, encoder, cabos e conectores. Corrigir a causa, referenciar o eixo e testar sem carga ou com carga controlada antes de liberar.
6.1.11 Elevação;593;Warnings;Lift - RL Control: Warning to follow Position Target During Movement;O mecanismo de elevação apresentou desvio crescente entre posição real e alvo, indicando sobrecarga, atrito, desalinhamento, início de travamento, freio parcialmente liberado, realimentação instável ou ajuste inadequado.;Interromper o ciclo de forma segura e verificar carga, alinhamento, transmissão, freio, encoder e conexões. Confirmar parâmetros de movimento e sincronismo, referenciar o eixo quando necessário e testar sob condição controlada para evitar evolução para falha.
6.1.11 Elevação;622;Fault;Lift - RR Control: Fault to follow Position Target During Movement;A posição real do mecanismo de elevação não acompanhou o alvo durante o movimento por obstrução, sobrecarga, desalinhamento, freio não liberado, falha do drive ou motor, perda de encoder ou diferença mecânica entre os pontos de elevação.;Parar o movimento e apoiar a carga em condição segura. Verificar obstruções, carga, alinhamento, transmissão, freio, motor, drive, encoder, cabos e conectores. Corrigir a causa, referenciar o eixo e testar sem carga ou com carga controlada antes de liberar.
6.1.11 Elevação;623;Warnings;Lift - RR Control: Warning to follow Position Target During Movement;O mecanismo de elevação apresentou desvio crescente entre posição real e alvo, indicando sobrecarga, atrito, desalinhamento, início de travamento, freio parcialmente liberado, realimentação instável ou ajuste inadequado.;Interromper o ciclo de forma segura e verificar carga, alinhamento, transmissão, freio, encoder e conexões. Confirmar parâmetros de movimento e sincronismo, referenciar o eixo quando necessário e testar sob condição controlada para evitar evolução para falha.
6.1.11 Elevação;652;Fault;Lift - FL: TL5 Drive Over Current;Corrente elevada no acionamento por sobrecarga mecânica, travamento do conjunto, aceleração excessiva, curto ou mau contato nos cabos do motor, falha de isolamento ou defeito interno no motor ou no drive.;Imobilizar o veículo, verificar se o eixo se movimenta livremente e remover travamentos ou excesso de carga. Inspecionar cabos, conectores e isolamento do motor, conferir alimentação e parâmetros de movimento e, após eliminar a causa, rearmar o acionamento. Substituir o motor ou o drive somente após diagnóstico.
6.1.11 Elevação;653;Fault;Lift - FL: TL5 Drive Over Voltage;Tensão elevada no barramento do acionamento, provocada por alimentação fora da faixa, energia regenerativa não dissipada, falha no circuito de frenagem regenerativa, conexão deficiente ou defeito interno no drive.;"Verificar a estabilidade da alimentação e as conexões de potência. Inspecionar o circuito de dissipação de energia, incluindo cabeamento e resistor de frenagem quando aplicável, e confirmar os parâmetros de desaceleração. Corrigir a causa antes de rearmar; persistindo o alarme, avaliar o drive."
6.1.11 Elevação;654;Fault;Lift - FL: TL5 Drive Over Temperature;Temperatura interna elevada no drive devido a carga excessiva, ciclos repetitivos, ventilação insuficiente, acúmulo de sujeira, temperatura ambiente elevada ou degradação do acionamento.;Parar o equipamento e aguardar o resfriamento em condição segura. Verificar ventilação, limpeza, fixação, circulação de ar e carga mecânica do eixo. Confirmar se o ciclo de operação está adequado e rearmar após normalização. Se o aquecimento retornar, avaliar o drive.
6.1.11 Elevação;655;Fault;Lift - FL: TL5 Drive Internal Voltage Error;Falha em uma tensão interna do drive causada por variação da alimentação, queda momentânea, conexão de potência instável, falha na fonte interna ou defeito eletrônico do acionamento.;Verificar alimentação, aperto e integridade dos cabos e conectores de potência. Desenergizar e energizar conforme o procedimento de manutenção, observando se o erro reaparece. Se a alimentação estiver estável e o alarme persistir, registrar o diagnóstico e substituir o drive.
6.1.11 Elevação;656;Fault;Lift - FL: TL5 Position Error;Desvio excessivo entre a posição comandada e a posição real por obstrução mecânica, sobrecarga, folga ou desacoplamento, falha de encoder, conexão de realimentação deficiente ou parametrização inadequada.;Verificar se o mecanismo está livre, alinhado e sem folgas anormais. Inspecionar acoplamentos, freio, encoder, cabos e conectores de realimentação. Confirmar referência e parâmetros de posição, executar a homogeneização ou referência prevista e testar o movimento em baixa solicitação.
6.1.11 Elevação;657;Fault;Lift - FL: TL5 Motor Encoder Disconnected;Ausência do sinal do encoder do motor por conector solto, cabo rompido ou danificado, alimentação do sensor ausente, blindagem inadequada ou falha do próprio encoder.;"Inspecionar e reconectar o cabo do encoder, verificando pinos, continuidade, blindagem e fixação. Confirmar a alimentação e a leitura do sinal no diagnóstico. Corrigir o cabeamento ou substituir o encoder; se o sinal estiver correto e o alarme permanecer, avaliar a entrada do drive."
6.1.11 Elevação;658;Fault;Lift - FL: TL5 Regen Failed;Falha no processo de regeneração por tensão elevada no barramento, circuito de dissipação interrompido, resistor de frenagem desconectado ou danificado, parâmetros incompatíveis ou defeito no estágio regenerativo do drive.;Verificar o circuito de frenagem regenerativa, conexões e integridade do elemento de dissipação. Confirmar a alimentação e os parâmetros de desaceleração. Corrigir cabos ou componentes danificados, rearmar e testar. Persistindo a falha, avaliar o estágio de potência do drive.
6.1.11 Elevação;659;Fault;Lift - FL: TL5 Safe Torque Off（STO）;Função de torque seguro ativa por acionamento de emergência, circuito de segurança aberto, ausência ou discrepância entre canais de segurança, falha de contato, cabo ou conector, ou entrada de segurança do drive não habilitada.;Confirmar que a área está segura e que todos os dispositivos de emergência foram liberados. Verificar os dois canais do circuito de segurança, contatos, cabos, conectores e sinais de habilitação. Eliminar a falha, executar o rearme de segurança e somente então reabilitar o movimento.
6.1.11 Elevação;660;Fault;Lift - FL: TL5 Bad FPGA;Falha interna de hardware ou firmware no drive, possivelmente associada a inicialização incorreta, alimentação instável, corrupção de firmware ou defeito eletrônico.;Verificar a qualidade da alimentação e executar uma reinicialização controlada. Registrar o código de diagnóstico e conferir a versão e a integridade da configuração. Se o erro retornar, retirar o eixo de operação e substituir ou encaminhar o drive para avaliação técnica.
6.1.11 Elevação;661;Fault;Lift - FL: TL5 Parameter Read Failed;Falha na leitura dos parâmetros do drive por memória corrompida, arquivo de configuração incompatível, interrupção durante a inicialização, comunicação instável ou defeito interno de memória.;Reinicializar o acionamento de forma controlada e verificar a comunicação com o controlador. Restaurar os parâmetros aprovados para o eixo e confirmar a gravação. Se a leitura continuar falhando, preservar o diagnóstico e substituir o drive ou sua memória conforme o procedimento.
6.1.11 Elevação;662;Fault;Lift - FL: TL5 Motor Encoder Multi-turn Error;Informação multivoltas do encoder absoluto inválida por perda de referência, falha de alimentação de retenção, cabo ou conector defeituoso, configuração incorreta ou defeito do encoder.;Inspecionar alimentação, cabo, conector e sinal do encoder absoluto. Confirmar a configuração e executar o procedimento de referência previsto para o eixo. Se a informação multivoltas não for recuperada, substituir o encoder e validar novamente a posição antes de liberar o movimento.
6.1.11 Elevação;663;Fault;Lift - FL: TL5 Motor Stall Protection;Proteção por motor bloqueado, causada por travamento mecânico, carga excessiva, freio não liberado, comando sem movimento, falha de fase, problema de realimentação ou parâmetros de torque inadequados.;Parar o equipamento, remover a carga ou obstrução e verificar se o mecanismo se movimenta livremente. Conferir liberação do freio, cabos do motor, encoder e parâmetros de torque. Rearmar somente após eliminar a causa e testar o eixo com carga reduzida.
6.1.11 Elevação;664;Fault;Lift - FL: TL5 Drive Power Module Over Temperature;Temperatura elevada no módulo de potência por corrente excessiva, ventilação deficiente, dissipação térmica inadequada, ciclos severos, temperatura ambiente elevada ou degradação do módulo.;Desabilitar o movimento e aguardar o resfriamento. Limpar o conjunto, verificar ventilação, montagem e dissipação térmica, além da carga e do ciclo do eixo. Após normalizar, testar o acionamento. Se o alarme retornar, avaliar o módulo de potência ou substituir o drive.
6.1.11 Elevação;665;Fault;Lift - FL: TL5 N Limit;Limite de curso negativo ativo por posição mecânica no fim de curso, sensor ou entrada acionada, alvo desalinhado, cabo em curto ou parametrização incorreta do sentido de movimento.;Verificar a posição física do eixo e afastá-lo do limite somente em modo e procedimento seguros. Inspecionar sensor, alvo, cabo, conector e estado da entrada. Corrigir alinhamento ou parametrização, confirmar a liberação do sinal e testar o curso completo.
6.1.11 Elevação;666;Fault;Lift - FL: TL5 P Limit;Limite de curso positivo ativo por posição mecânica no fim de curso, sensor ou entrada acionada, alvo desalinhado, cabo em curto ou parametrização incorreta do sentido de movimento.;Verificar a posição física do eixo e afastá-lo do limite somente em modo e procedimento seguros. Inspecionar sensor, alvo, cabo, conector e estado da entrada. Corrigir alinhamento ou parametrização, confirmar a liberação do sinal e testar o curso completo.
6.1.11 Elevação;667;Fault;Lift - FL: TL5 N&P Limit;Ativação simultânea dos limites positivo e negativo, normalmente causada por falha de cabeamento, curto entre entradas, sensores acionados simultaneamente, alimentação incorreta ou configuração incompatível.;Não movimentar o eixo até localizar a causa. Verificar os dois sensores de limite, alvos, cabos, conectores e estados das entradas. Corrigir curto, inversão ou parametrização e confirmar que apenas o sinal correspondente à posição física permanece ativo.
6.1.11 Elevação;668;Fault;Lift - FL: TL5 Current Foldback;Redução automática de corrente pelo drive devido a sobrecarga, aquecimento, operação prolongada em alto torque, travamento parcial, parametrização inadequada ou condição de proteção do estágio de potência.;"Verificar carga, atrito, alinhamento e liberdade mecânica do eixo. Confirmar temperatura e ventilação do motor e do drive, além dos parâmetros de corrente e aceleração. Corrigir a condição de esforço excessivo e testar o movimento; persistindo, avaliar motor e drive."
6.1.11 Elevação;669;Fault;Lift - FL: TL5 Move @ Disabled;Comando de movimento recebido enquanto o drive estava desabilitado por ausência de habilitação, função de segurança ativa, sequência de partida incompleta, falha de comunicação ou lógica de comando inconsistente.;Verificar a sequência de habilitação, permissivos, circuito de segurança e estado de comunicação. Eliminar a condição que mantém o drive desabilitado e cancelar comandos pendentes. Após o rearme correto, emitir novo comando e confirmar a resposta do eixo.
6.1.11 Elevação;670;Fault;Lift - FL: TL5 Drive Low Voltage;Tensão insuficiente no barramento do drive por bateria descarregada, proteção do BMS ativa, disjuntor aberto, queda de tensão em cabos ou conectores, alimentação instável ou consumo excessivo.;Verificar o estado da bateria e os eventos do BMS, além dos dispositivos de proteção, cabos e conexões de potência. Corrigir quedas de tensão ou mau contato, recarregar a bateria quando necessário e testar o acionamento sob carga. Persistindo, avaliar o drive.
6.1.11 Elevação;671;Fault;Lift - FL: TL5 Blank Q Segment;Segmento de movimento ausente ou inválido na fila do drive, causado por comando incompleto, sequência de trajetória incorreta, perda de comunicação, parâmetro incompatível ou falha de sincronização com o controlador.;Interromper o ciclo e limpar a sequência de movimento conforme o procedimento. Verificar comunicação, comandos enviados e parâmetros de trajetória. Reinicializar o eixo, reenviar a referência e testar. Se recorrente, analisar o registro do controlador e a configuração do movimento.
6.1.11 Elevação;672;Fault;Lift - FL: TL5 Velocity Limit;Limite de velocidade atingido ou excedido por comando acima do permitido, escala incorreta, parâmetro inadequado, realimentação de velocidade instável ou movimento mecânico não controlado.;Verificar o valor comandado, escalas e parâmetros de velocidade e aceleração. Inspecionar encoder, acoplamento e mecanismo para eliminar instabilidade. Corrigir a configuração, executar referência quando necessária e testar o eixo dentro das condições previstas.
6.1.11 Elevação;673;Fault;Lift - FL: TL5 Drive Power Phase Lost;Interrupção em uma fase de potência entre drive e motor, causada por cabo rompido, conector solto, terminal danificado, falha de enrolamento ou defeito no estágio de saída do drive.;"Desenergizar o circuito e verificar continuidade, aperto e integridade dos cabos e conectores do motor. Medir os enrolamentos e comparar as fases. Corrigir o cabeamento ou substituir o motor; se as fases estiverem normais, avaliar o estágio de potência do drive."
6.1.11 Elevação;674;Fault;Lift - FL: TL5 Emergency Stop;Comando de parada de emergência presente no drive devido a dispositivo acionado, circuito de segurança aberto, falha de contato ou cabeamento, ou sequência de rearme não concluída.;Colocar o equipamento em condição segura, identificar e liberar o dispositivo acionado e verificar o circuito de segurança. Confirmar contatos, cabos, conectores e permissivos. Executar o rearme previsto somente após eliminar a causa e inspecionar a área.
6.1.11 Elevação;675;Fault;Lift - FL: TL5 Abs.Encoder Battery;Bateria de retenção do encoder absoluto com carga baixa, desconectada ou defeituosa, podendo comprometer a preservação da posição quando a alimentação principal é removida.;Verificar a condição e a conexão da bateria de retenção associada ao encoder. Substituí-la conforme o procedimento do fabricante, mantendo a referência quando aplicável. Em seguida, confirmar a posição absoluta e executar nova referência antes de liberar o eixo.
6.1.11 Elevação;676;Fault;Lift - FL: TL5 Abs.Position Lost Warning;Referência de posição absoluta perdida por falha ou substituição da bateria de retenção, desconexão do encoder, interrupção prolongada de alimentação, alteração de parâmetros ou substituição do componente.;Inspecionar encoder, bateria de retenção, cabo e conectores. Restaurar os parâmetros aprovados e executar o procedimento de referência do eixo. Validar os limites e a posição real antes de retornar ao modo automático.
6.1.11 Elevação;677;Fault;Lift - FL: TL5 Abs Position Overflow;Valor de posição absoluta fora da faixa de contagem por excesso de voltas, escala ou relação mecânica incorreta, referência inadequada ou dados inválidos do encoder.;Verificar a posição física, escala, relação mecânica e parâmetros do encoder. Corrigir a configuração, zerar ou referenciar o eixo conforme o procedimento e validar os limites de curso. Se o valor continuar incoerente, avaliar o encoder e o drive.
6.1.11 Elevação;678;Fault;Lift - FL: TL5 Motor Over Temperature;Temperatura elevada do motor devido a sobrecarga, travamento, freio parcialmente aplicado, ciclos intensos, ventilação insuficiente, falha do sensor térmico ou degradação do motor.;Parar o eixo e aguardar o resfriamento. Verificar carga, liberdade mecânica, freio, ventilação, cabos e leitura do sensor térmico. Corrigir a causa e testar com carga reduzida. Se o aquecimento ou o alarme retornar, avaliar ou substituir o motor.
6.1.11 Elevação;679;Fault;Lift - FL: TL5 Drive Voltage Warning;Advertência de tensão no drive por alimentação próxima dos limites operacionais, oscilação da bateria, queda em cabos e conectores, regeneração elevada ou instabilidade no circuito de potência.;Verificar a alimentação durante o movimento, o estado da bateria e do BMS, dispositivos de proteção e conexões de potência. Corrigir mau contato ou queda de tensão e revisar as condições de aceleração e desaceleração. Monitorar o drive após o teste.
6.1.11 Elevação;680;Fault;Lift - FL: TL5 Save Failed;Falha ao gravar parâmetros no drive por queda de alimentação, memória indisponível ou danificada, proteção de escrita, arquivo incompatível ou interrupção da comunicação durante a gravação.;Estabilizar a alimentação e repetir a gravação com o eixo parado. Verificar comunicação, permissões e compatibilidade do conjunto de parâmetros. Confirmar a leitura após salvar. Se a falha persistir, preservar os dados de diagnóstico e substituir o drive.
6.1.11 Elevação;681;Fault;Lift - FL: TL5 Other Error;Falha interna ou condição não categorizada pelo texto do alarme, podendo estar associada a alimentação, comunicação, parametrização, hardware do drive ou dispositivo conectado.;Consultar o código detalhado no diagnóstico do drive, registrar o estado no momento da falha e verificar alimentação, comunicação, cabos e parâmetros. Executar reinicialização controlada. Se o código persistir, seguir o diagnóstico específico ou substituir o componente afetado.
6.1.11 Elevação;682;Fault;Lift - FL: TL5 Speed Follow Error;Velocidade real não acompanhou a referência devido a sobrecarga, travamento, freio não liberado, perda de torque, falha de encoder, cabo de motor defeituoso ou parâmetros de controle inadequados.;Verificar liberdade mecânica, carga e liberação do freio. Inspecionar motor, encoder, cabos e conectores e confirmar parâmetros de velocidade, aceleração e controle. Corrigir a causa, referenciar o eixo quando necessário e testar com solicitação reduzida.
6.1.11 Elevação;683;Fault;Lift - FR: TL6 Drive Over Current;Corrente elevada no acionamento por sobrecarga mecânica, travamento do conjunto, aceleração excessiva, curto ou mau contato nos cabos do motor, falha de isolamento ou defeito interno no motor ou no drive.;Imobilizar o veículo, verificar se o eixo se movimenta livremente e remover travamentos ou excesso de carga. Inspecionar cabos, conectores e isolamento do motor, conferir alimentação e parâmetros de movimento e, após eliminar a causa, rearmar o acionamento. Substituir o motor ou o drive somente após diagnóstico.
6.1.11 Elevação;684;Fault;Lift - FR: TL6 Drive Over Voltage;Tensão elevada no barramento do acionamento, provocada por alimentação fora da faixa, energia regenerativa não dissipada, falha no circuito de frenagem regenerativa, conexão deficiente ou defeito interno no drive.;"Verificar a estabilidade da alimentação e as conexões de potência. Inspecionar o circuito de dissipação de energia, incluindo cabeamento e resistor de frenagem quando aplicável, e confirmar os parâmetros de desaceleração. Corrigir a causa antes de rearmar; persistindo o alarme, avaliar o drive."
6.1.11 Elevação;685;Fault;Lift - FR: TL6 Drive Over Temperature;Temperatura interna elevada no drive devido a carga excessiva, ciclos repetitivos, ventilação insuficiente, acúmulo de sujeira, temperatura ambiente elevada ou degradação do acionamento.;Parar o equipamento e aguardar o resfriamento em condição segura. Verificar ventilação, limpeza, fixação, circulação de ar e carga mecânica do eixo. Confirmar se o ciclo de operação está adequado e rearmar após normalização. Se o aquecimento retornar, avaliar o drive.
6.1.11 Elevação;686;Fault;Lift - FR: TL6 Drive Internal Voltage Error;Falha em uma tensão interna do drive causada por variação da alimentação, queda momentânea, conexão de potência instável, falha na fonte interna ou defeito eletrônico do acionamento.;Verificar alimentação, aperto e integridade dos cabos e conectores de potência. Desenergizar e energizar conforme o procedimento de manutenção, observando se o erro reaparece. Se a alimentação estiver estável e o alarme persistir, registrar o diagnóstico e substituir o drive.
6.1.11 Elevação;687;Fault;Lift - FR: TL6 Position Error;Desvio excessivo entre a posição comandada e a posição real por obstrução mecânica, sobrecarga, folga ou desacoplamento, falha de encoder, conexão de realimentação deficiente ou parametrização inadequada.;Verificar se o mecanismo está livre, alinhado e sem folgas anormais. Inspecionar acoplamentos, freio, encoder, cabos e conectores de realimentação. Confirmar referência e parâmetros de posição, executar a homogeneização ou referência prevista e testar o movimento em baixa solicitação.
6.1.11 Elevação;688;Fault;Lift - FR: TL6 Motor Encoder Disconnected;Ausência do sinal do encoder do motor por conector solto, cabo rompido ou danificado, alimentação do sensor ausente, blindagem inadequada ou falha do próprio encoder.;"Inspecionar e reconectar o cabo do encoder, verificando pinos, continuidade, blindagem e fixação. Confirmar a alimentação e a leitura do sinal no diagnóstico. Corrigir o cabeamento ou substituir o encoder; se o sinal estiver correto e o alarme permanecer, avaliar a entrada do drive."
6.1.11 Elevação;689;Fault;Lift - FR: TL6 Regen Failed;Falha no processo de regeneração por tensão elevada no barramento, circuito de dissipação interrompido, resistor de frenagem desconectado ou danificado, parâmetros incompatíveis ou defeito no estágio regenerativo do drive.;Verificar o circuito de frenagem regenerativa, conexões e integridade do elemento de dissipação. Confirmar a alimentação e os parâmetros de desaceleração. Corrigir cabos ou componentes danificados, rearmar e testar. Persistindo a falha, avaliar o estágio de potência do drive.
6.1.11 Elevação;690;Fault;Lift - FR: TL6 Safe Torque Off（STO）;Função de torque seguro ativa por acionamento de emergência, circuito de segurança aberto, ausência ou discrepância entre canais de segurança, falha de contato, cabo ou conector, ou entrada de segurança do drive não habilitada.;Confirmar que a área está segura e que todos os dispositivos de emergência foram liberados. Verificar os dois canais do circuito de segurança, contatos, cabos, conectores e sinais de habilitação. Eliminar a falha, executar o rearme de segurança e somente então reabilitar o movimento.
6.1.11 Elevação;691;Fault;Lift - FR: TL6 Bad FPGA;Falha interna de hardware ou firmware no drive, possivelmente associada a inicialização incorreta, alimentação instável, corrupção de firmware ou defeito eletrônico.;Verificar a qualidade da alimentação e executar uma reinicialização controlada. Registrar o código de diagnóstico e conferir a versão e a integridade da configuração. Se o erro retornar, retirar o eixo de operação e substituir ou encaminhar o drive para avaliação técnica.
6.1.11 Elevação;692;Fault;Lift - FR: TL6 Parameter Read Failed;Falha na leitura dos parâmetros do drive por memória corrompida, arquivo de configuração incompatível, interrupção durante a inicialização, comunicação instável ou defeito interno de memória.;Reinicializar o acionamento de forma controlada e verificar a comunicação com o controlador. Restaurar os parâmetros aprovados para o eixo e confirmar a gravação. Se a leitura continuar falhando, preservar o diagnóstico e substituir o drive ou sua memória conforme o procedimento.
6.1.11 Elevação;693;Fault;Lift - FR: TL6 Motor Encoder Multi-turn Error;Informação multivoltas do encoder absoluto inválida por perda de referência, falha de alimentação de retenção, cabo ou conector defeituoso, configuração incorreta ou defeito do encoder.;Inspecionar alimentação, cabo, conector e sinal do encoder absoluto. Confirmar a configuração e executar o procedimento de referência previsto para o eixo. Se a informação multivoltas não for recuperada, substituir o encoder e validar novamente a posição antes de liberar o movimento.
6.1.11 Elevação;694;Fault;Lift - FR: TL6 Motor Stall Protection;Proteção por motor bloqueado, causada por travamento mecânico, carga excessiva, freio não liberado, comando sem movimento, falha de fase, problema de realimentação ou parâmetros de torque inadequados.;Parar o equipamento, remover a carga ou obstrução e verificar se o mecanismo se movimenta livremente. Conferir liberação do freio, cabos do motor, encoder e parâmetros de torque. Rearmar somente após eliminar a causa e testar o eixo com carga reduzida.
6.1.11 Elevação;695;Fault;Lift - FR: TL6 Drive Power Module Over Temperature;Temperatura elevada no módulo de potência por corrente excessiva, ventilação deficiente, dissipação térmica inadequada, ciclos severos, temperatura ambiente elevada ou degradação do módulo.;Desabilitar o movimento e aguardar o resfriamento. Limpar o conjunto, verificar ventilação, montagem e dissipação térmica, além da carga e do ciclo do eixo. Após normalizar, testar o acionamento. Se o alarme retornar, avaliar o módulo de potência ou substituir o drive.
6.1.11 Elevação;696;Fault;Lift - FR: TL6 N Limit;Limite de curso negativo ativo por posição mecânica no fim de curso, sensor ou entrada acionada, alvo desalinhado, cabo em curto ou parametrização incorreta do sentido de movimento.;Verificar a posição física do eixo e afastá-lo do limite somente em modo e procedimento seguros. Inspecionar sensor, alvo, cabo, conector e estado da entrada. Corrigir alinhamento ou parametrização, confirmar a liberação do sinal e testar o curso completo.
6.1.11 Elevação;697;Fault;Lift - FR: TL6 P Limit;Limite de curso positivo ativo por posição mecânica no fim de curso, sensor ou entrada acionada, alvo desalinhado, cabo em curto ou parametrização incorreta do sentido de movimento.;Verificar a posição física do eixo e afastá-lo do limite somente em modo e procedimento seguros. Inspecionar sensor, alvo, cabo, conector e estado da entrada. Corrigir alinhamento ou parametrização, confirmar a liberação do sinal e testar o curso completo.
6.1.11 Elevação;698;Fault;Lift - FR: TL6 N&P Limit;Ativação simultânea dos limites positivo e negativo, normalmente causada por falha de cabeamento, curto entre entradas, sensores acionados simultaneamente, alimentação incorreta ou configuração incompatível.;Não movimentar o eixo até localizar a causa. Verificar os dois sensores de limite, alvos, cabos, conectores e estados das entradas. Corrigir curto, inversão ou parametrização e confirmar que apenas o sinal correspondente à posição física permanece ativo.
6.1.11 Elevação;699;Fault;Lift - FR: TL6 Current Foldback;Redução automática de corrente pelo drive devido a sobrecarga, aquecimento, operação prolongada em alto torque, travamento parcial, parametrização inadequada ou condição de proteção do estágio de potência.;"Verificar carga, atrito, alinhamento e liberdade mecânica do eixo. Confirmar temperatura e ventilação do motor e do drive, além dos parâmetros de corrente e aceleração. Corrigir a condição de esforço excessivo e testar o movimento; persistindo, avaliar motor e drive."
6.1.11 Elevação;700;Fault;Lift - FR: TL6 Move @ Disabled;Comando de movimento recebido enquanto o drive estava desabilitado por ausência de habilitação, função de segurança ativa, sequência de partida incompleta, falha de comunicação ou lógica de comando inconsistente.;Verificar a sequência de habilitação, permissivos, circuito de segurança e estado de comunicação. Eliminar a condição que mantém o drive desabilitado e cancelar comandos pendentes. Após o rearme correto, emitir novo comando e confirmar a resposta do eixo.
6.1.11 Elevação;701;Fault;Lift - FR: TL6 Drive Low Voltage;Tensão insuficiente no barramento do drive por bateria descarregada, proteção do BMS ativa, disjuntor aberto, queda de tensão em cabos ou conectores, alimentação instável ou consumo excessivo.;Verificar o estado da bateria e os eventos do BMS, além dos dispositivos de proteção, cabos e conexões de potência. Corrigir quedas de tensão ou mau contato, recarregar a bateria quando necessário e testar o acionamento sob carga. Persistindo, avaliar o drive.
6.1.11 Elevação;702;Fault;Lift - FR: TL6 Blank Q Segment;Segmento de movimento ausente ou inválido na fila do drive, causado por comando incompleto, sequência de trajetória incorreta, perda de comunicação, parâmetro incompatível ou falha de sincronização com o controlador.;Interromper o ciclo e limpar a sequência de movimento conforme o procedimento. Verificar comunicação, comandos enviados e parâmetros de trajetória. Reinicializar o eixo, reenviar a referência e testar. Se recorrente, analisar o registro do controlador e a configuração do movimento.
6.1.11 Elevação;703;Fault;Lift - FR: TL6 Velocity Limit;Limite de velocidade atingido ou excedido por comando acima do permitido, escala incorreta, parâmetro inadequado, realimentação de velocidade instável ou movimento mecânico não controlado.;Verificar o valor comandado, escalas e parâmetros de velocidade e aceleração. Inspecionar encoder, acoplamento e mecanismo para eliminar instabilidade. Corrigir a configuração, executar referência quando necessária e testar o eixo dentro das condições previstas.
6.1.11 Elevação;704;Fault;Lift - FR: TL6 Drive Power Phase Lost;Interrupção em uma fase de potência entre drive e motor, causada por cabo rompido, conector solto, terminal danificado, falha de enrolamento ou defeito no estágio de saída do drive.;"Desenergizar o circuito e verificar continuidade, aperto e integridade dos cabos e conectores do motor. Medir os enrolamentos e comparar as fases. Corrigir o cabeamento ou substituir o motor; se as fases estiverem normais, avaliar o estágio de potência do drive."
6.1.11 Elevação;705;Fault;Lift - FR: TL6 Emergency Stop;Comando de parada de emergência presente no drive devido a dispositivo acionado, circuito de segurança aberto, falha de contato ou cabeamento, ou sequência de rearme não concluída.;Colocar o equipamento em condição segura, identificar e liberar o dispositivo acionado e verificar o circuito de segurança. Confirmar contatos, cabos, conectores e permissivos. Executar o rearme previsto somente após eliminar a causa e inspecionar a área.
6.1.11 Elevação;706;Fault;Lift - FR: TL6 Abs.Encoder Battery;Bateria de retenção do encoder absoluto com carga baixa, desconectada ou defeituosa, podendo comprometer a preservação da posição quando a alimentação principal é removida.;Verificar a condição e a conexão da bateria de retenção associada ao encoder. Substituí-la conforme o procedimento do fabricante, mantendo a referência quando aplicável. Em seguida, confirmar a posição absoluta e executar nova referência antes de liberar o eixo.
6.1.11 Elevação;707;Fault;Lift - FR: TL6 Abs.Position Lost Warning;Referência de posição absoluta perdida por falha ou substituição da bateria de retenção, desconexão do encoder, interrupção prolongada de alimentação, alteração de parâmetros ou substituição do componente.;Inspecionar encoder, bateria de retenção, cabo e conectores. Restaurar os parâmetros aprovados e executar o procedimento de referência do eixo. Validar os limites e a posição real antes de retornar ao modo automático.
6.1.11 Elevação;708;Fault;Lift - FR: TL6 Abs Position Overflow;Valor de posição absoluta fora da faixa de contagem por excesso de voltas, escala ou relação mecânica incorreta, referência inadequada ou dados inválidos do encoder.;Verificar a posição física, escala, relação mecânica e parâmetros do encoder. Corrigir a configuração, zerar ou referenciar o eixo conforme o procedimento e validar os limites de curso. Se o valor continuar incoerente, avaliar o encoder e o drive.
6.1.11 Elevação;709;Fault;Lift - FR: TL6 Motor Over Temperature;Temperatura elevada do motor devido a sobrecarga, travamento, freio parcialmente aplicado, ciclos intensos, ventilação insuficiente, falha do sensor térmico ou degradação do motor.;Parar o eixo e aguardar o resfriamento. Verificar carga, liberdade mecânica, freio, ventilação, cabos e leitura do sensor térmico. Corrigir a causa e testar com carga reduzida. Se o aquecimento ou o alarme retornar, avaliar ou substituir o motor.
6.1.11 Elevação;710;Fault;Lift - FR: TL6 Drive Voltage Warning;Advertência de tensão no drive por alimentação próxima dos limites operacionais, oscilação da bateria, queda em cabos e conectores, regeneração elevada ou instabilidade no circuito de potência.;Verificar a alimentação durante o movimento, o estado da bateria e do BMS, dispositivos de proteção e conexões de potência. Corrigir mau contato ou queda de tensão e revisar as condições de aceleração e desaceleração. Monitorar o drive após o teste.
6.1.11 Elevação;711;Fault;Lift - FR: TL6 Save Failed;Falha ao gravar parâmetros no drive por queda de alimentação, memória indisponível ou danificada, proteção de escrita, arquivo incompatível ou interrupção da comunicação durante a gravação.;Estabilizar a alimentação e repetir a gravação com o eixo parado. Verificar comunicação, permissões e compatibilidade do conjunto de parâmetros. Confirmar a leitura após salvar. Se a falha persistir, preservar os dados de diagnóstico e substituir o drive.
6.1.11 Elevação;712;Fault;Lift - FR: TL6 Other Error;Falha interna ou condição não categorizada pelo texto do alarme, podendo estar associada a alimentação, comunicação, parametrização, hardware do drive ou dispositivo conectado.;Consultar o código detalhado no diagnóstico do drive, registrar o estado no momento da falha e verificar alimentação, comunicação, cabos e parâmetros. Executar reinicialização controlada. Se o código persistir, seguir o diagnóstico específico ou substituir o componente afetado.
6.1.11 Elevação;713;Fault;Lift - FR: TL6 Speed Follow Error;Velocidade real não acompanhou a referência devido a sobrecarga, travamento, freio não liberado, perda de torque, falha de encoder, cabo de motor defeituoso ou parâmetros de controle inadequados.;Verificar liberdade mecânica, carga e liberação do freio. Inspecionar motor, encoder, cabos e conectores e confirmar parâmetros de velocidade, aceleração e controle. Corrigir a causa, referenciar o eixo quando necessário e testar com solicitação reduzida.
6.1.11 Elevação;714;Fault;Lift - RL: TL7 Drive Over Current;Corrente elevada no acionamento por sobrecarga mecânica, travamento do conjunto, aceleração excessiva, curto ou mau contato nos cabos do motor, falha de isolamento ou defeito interno no motor ou no drive.;Imobilizar o veículo, verificar se o eixo se movimenta livremente e remover travamentos ou excesso de carga. Inspecionar cabos, conectores e isolamento do motor, conferir alimentação e parâmetros de movimento e, após eliminar a causa, rearmar o acionamento. Substituir o motor ou o drive somente após diagnóstico.
6.1.11 Elevação;715;Fault;Lift - RL: TL7 Drive Over Voltage;Tensão elevada no barramento do acionamento, provocada por alimentação fora da faixa, energia regenerativa não dissipada, falha no circuito de frenagem regenerativa, conexão deficiente ou defeito interno no drive.;"Verificar a estabilidade da alimentação e as conexões de potência. Inspecionar o circuito de dissipação de energia, incluindo cabeamento e resistor de frenagem quando aplicável, e confirmar os parâmetros de desaceleração. Corrigir a causa antes de rearmar; persistindo o alarme, avaliar o drive."
6.1.11 Elevação;716;Fault;Lift - RL: TL7 Drive Over Temperature;Temperatura interna elevada no drive devido a carga excessiva, ciclos repetitivos, ventilação insuficiente, acúmulo de sujeira, temperatura ambiente elevada ou degradação do acionamento.;Parar o equipamento e aguardar o resfriamento em condição segura. Verificar ventilação, limpeza, fixação, circulação de ar e carga mecânica do eixo. Confirmar se o ciclo de operação está adequado e rearmar após normalização. Se o aquecimento retornar, avaliar o drive.
6.1.11 Elevação;717;Fault;Lift - RL: TL7 Drive Internal Voltage Error;Falha em uma tensão interna do drive causada por variação da alimentação, queda momentânea, conexão de potência instável, falha na fonte interna ou defeito eletrônico do acionamento.;Verificar alimentação, aperto e integridade dos cabos e conectores de potência. Desenergizar e energizar conforme o procedimento de manutenção, observando se o erro reaparece. Se a alimentação estiver estável e o alarme persistir, registrar o diagnóstico e substituir o drive.
6.1.11 Elevação;718;Fault;Lift - RL: TL7 Position Error;Desvio excessivo entre a posição comandada e a posição real por obstrução mecânica, sobrecarga, folga ou desacoplamento, falha de encoder, conexão de realimentação deficiente ou parametrização inadequada.;Verificar se o mecanismo está livre, alinhado e sem folgas anormais. Inspecionar acoplamentos, freio, encoder, cabos e conectores de realimentação. Confirmar referência e parâmetros de posição, executar a homogeneização ou referência prevista e testar o movimento em baixa solicitação.
6.1.11 Elevação;719;Fault;Lift - RL: TL7 Motor Encoder Disconnected;Ausência do sinal do encoder do motor por conector solto, cabo rompido ou danificado, alimentação do sensor ausente, blindagem inadequada ou falha do próprio encoder.;"Inspecionar e reconectar o cabo do encoder, verificando pinos, continuidade, blindagem e fixação. Confirmar a alimentação e a leitura do sinal no diagnóstico. Corrigir o cabeamento ou substituir o encoder; se o sinal estiver correto e o alarme permanecer, avaliar a entrada do drive."
6.1.11 Elevação;720;Fault;Lift - RL: TL7 Regen Failed;Falha no processo de regeneração por tensão elevada no barramento, circuito de dissipação interrompido, resistor de frenagem desconectado ou danificado, parâmetros incompatíveis ou defeito no estágio regenerativo do drive.;Verificar o circuito de frenagem regenerativa, conexões e integridade do elemento de dissipação. Confirmar a alimentação e os parâmetros de desaceleração. Corrigir cabos ou componentes danificados, rearmar e testar. Persistindo a falha, avaliar o estágio de potência do drive.
6.1.11 Elevação;721;Fault;Lift - RL: TL7 Safe Torque Off（STO）;Função de torque seguro ativa por acionamento de emergência, circuito de segurança aberto, ausência ou discrepância entre canais de segurança, falha de contato, cabo ou conector, ou entrada de segurança do drive não habilitada.;Confirmar que a área está segura e que todos os dispositivos de emergência foram liberados. Verificar os dois canais do circuito de segurança, contatos, cabos, conectores e sinais de habilitação. Eliminar a falha, executar o rearme de segurança e somente então reabilitar o movimento.
6.1.11 Elevação;722;Fault;Lift - RL: TL7 Bad FPGA;Falha interna de hardware ou firmware no drive, possivelmente associada a inicialização incorreta, alimentação instável, corrupção de firmware ou defeito eletrônico.;Verificar a qualidade da alimentação e executar uma reinicialização controlada. Registrar o código de diagnóstico e conferir a versão e a integridade da configuração. Se o erro retornar, retirar o eixo de operação e substituir ou encaminhar o drive para avaliação técnica.
6.1.11 Elevação;723;Fault;Lift - RL: TL7 Parameter Read Failed;Falha na leitura dos parâmetros do drive por memória corrompida, arquivo de configuração incompatível, interrupção durante a inicialização, comunicação instável ou defeito interno de memória.;Reinicializar o acionamento de forma controlada e verificar a comunicação com o controlador. Restaurar os parâmetros aprovados para o eixo e confirmar a gravação. Se a leitura continuar falhando, preservar o diagnóstico e substituir o drive ou sua memória conforme o procedimento.
6.1.11 Elevação;724;Fault;Lift - RL: TL7 Motor Encoder Multi-turn Error;Informação multivoltas do encoder absoluto inválida por perda de referência, falha de alimentação de retenção, cabo ou conector defeituoso, configuração incorreta ou defeito do encoder.;Inspecionar alimentação, cabo, conector e sinal do encoder absoluto. Confirmar a configuração e executar o procedimento de referência previsto para o eixo. Se a informação multivoltas não for recuperada, substituir o encoder e validar novamente a posição antes de liberar o movimento.
6.1.11 Elevação;725;Fault;Lift - RL: TL7 Motor Stall Protection;Proteção por motor bloqueado, causada por travamento mecânico, carga excessiva, freio não liberado, comando sem movimento, falha de fase, problema de realimentação ou parâmetros de torque inadequados.;Parar o equipamento, remover a carga ou obstrução e verificar se o mecanismo se movimenta livremente. Conferir liberação do freio, cabos do motor, encoder e parâmetros de torque. Rearmar somente após eliminar a causa e testar o eixo com carga reduzida.
6.1.11 Elevação;726;Fault;Lift - RL: TL7 Drive Power Module Over Temperature;Temperatura elevada no módulo de potência por corrente excessiva, ventilação deficiente, dissipação térmica inadequada, ciclos severos, temperatura ambiente elevada ou degradação do módulo.;Desabilitar o movimento e aguardar o resfriamento. Limpar o conjunto, verificar ventilação, montagem e dissipação térmica, além da carga e do ciclo do eixo. Após normalizar, testar o acionamento. Se o alarme retornar, avaliar o módulo de potência ou substituir o drive.
6.1.11 Elevação;727;Fault;Lift - RL: TL7 N Limit;Limite de curso negativo ativo por posição mecânica no fim de curso, sensor ou entrada acionada, alvo desalinhado, cabo em curto ou parametrização incorreta do sentido de movimento.;Verificar a posição física do eixo e afastá-lo do limite somente em modo e procedimento seguros. Inspecionar sensor, alvo, cabo, conector e estado da entrada. Corrigir alinhamento ou parametrização, confirmar a liberação do sinal e testar o curso completo.
6.1.11 Elevação;728;Fault;Lift - RL: TL7 P Limit;Limite de curso positivo ativo por posição mecânica no fim de curso, sensor ou entrada acionada, alvo desalinhado, cabo em curto ou parametrização incorreta do sentido de movimento.;Verificar a posição física do eixo e afastá-lo do limite somente em modo e procedimento seguros. Inspecionar sensor, alvo, cabo, conector e estado da entrada. Corrigir alinhamento ou parametrização, confirmar a liberação do sinal e testar o curso completo.
6.1.11 Elevação;729;Fault;Lift - RL: TL7 N&P Limit;Ativação simultânea dos limites positivo e negativo, normalmente causada por falha de cabeamento, curto entre entradas, sensores acionados simultaneamente, alimentação incorreta ou configuração incompatível.;Não movimentar o eixo até localizar a causa. Verificar os dois sensores de limite, alvos, cabos, conectores e estados das entradas. Corrigir curto, inversão ou parametrização e confirmar que apenas o sinal correspondente à posição física permanece ativo.
6.1.11 Elevação;730;Fault;Lift - RL: TL7 Current Foldback;Redução automática de corrente pelo drive devido a sobrecarga, aquecimento, operação prolongada em alto torque, travamento parcial, parametrização inadequada ou condição de proteção do estágio de potência.;"Verificar carga, atrito, alinhamento e liberdade mecânica do eixo. Confirmar temperatura e ventilação do motor e do drive, além dos parâmetros de corrente e aceleração. Corrigir a condição de esforço excessivo e testar o movimento; persistindo, avaliar motor e drive."
6.1.11 Elevação;731;Fault;Lift - RL: TL7 Move @ Disabled;Comando de movimento recebido enquanto o drive estava desabilitado por ausência de habilitação, função de segurança ativa, sequência de partida incompleta, falha de comunicação ou lógica de comando inconsistente.;Verificar a sequência de habilitação, permissivos, circuito de segurança e estado de comunicação. Eliminar a condição que mantém o drive desabilitado e cancelar comandos pendentes. Após o rearme correto, emitir novo comando e confirmar a resposta do eixo.
6.1.11 Elevação;732;Fault;Lift - RL: TL7 Drive Low Voltage;Tensão insuficiente no barramento do drive por bateria descarregada, proteção do BMS ativa, disjuntor aberto, queda de tensão em cabos ou conectores, alimentação instável ou consumo excessivo.;Verificar o estado da bateria e os eventos do BMS, além dos dispositivos de proteção, cabos e conexões de potência. Corrigir quedas de tensão ou mau contato, recarregar a bateria quando necessário e testar o acionamento sob carga. Persistindo, avaliar o drive.
6.1.11 Elevação;733;Fault;Lift - RL: TL7 Blank Q Segment;Segmento de movimento ausente ou inválido na fila do drive, causado por comando incompleto, sequência de trajetória incorreta, perda de comunicação, parâmetro incompatível ou falha de sincronização com o controlador.;Interromper o ciclo e limpar a sequência de movimento conforme o procedimento. Verificar comunicação, comandos enviados e parâmetros de trajetória. Reinicializar o eixo, reenviar a referência e testar. Se recorrente, analisar o registro do controlador e a configuração do movimento.
6.1.11 Elevação;734;Fault;Lift - RL: TL7 Velocity Limit;Limite de velocidade atingido ou excedido por comando acima do permitido, escala incorreta, parâmetro inadequado, realimentação de velocidade instável ou movimento mecânico não controlado.;Verificar o valor comandado, escalas e parâmetros de velocidade e aceleração. Inspecionar encoder, acoplamento e mecanismo para eliminar instabilidade. Corrigir a configuração, executar referência quando necessária e testar o eixo dentro das condições previstas.
6.1.11 Elevação;735;Fault;Lift - RL: TL7 Drive Power Phase Lost;Interrupção em uma fase de potência entre drive e motor, causada por cabo rompido, conector solto, terminal danificado, falha de enrolamento ou defeito no estágio de saída do drive.;"Desenergizar o circuito e verificar continuidade, aperto e integridade dos cabos e conectores do motor. Medir os enrolamentos e comparar as fases. Corrigir o cabeamento ou substituir o motor; se as fases estiverem normais, avaliar o estágio de potência do drive."
6.1.11 Elevação;736;Fault;Lift - RL: TL7 Emergency Stop;Comando de parada de emergência presente no drive devido a dispositivo acionado, circuito de segurança aberto, falha de contato ou cabeamento, ou sequência de rearme não concluída.;Colocar o equipamento em condição segura, identificar e liberar o dispositivo acionado e verificar o circuito de segurança. Confirmar contatos, cabos, conectores e permissivos. Executar o rearme previsto somente após eliminar a causa e inspecionar a área.
6.1.11 Elevação;737;Fault;Lift - RL: TL7 Abs.Encoder Battery;Bateria de retenção do encoder absoluto com carga baixa, desconectada ou defeituosa, podendo comprometer a preservação da posição quando a alimentação principal é removida.;Verificar a condição e a conexão da bateria de retenção associada ao encoder. Substituí-la conforme o procedimento do fabricante, mantendo a referência quando aplicável. Em seguida, confirmar a posição absoluta e executar nova referência antes de liberar o eixo.
6.1.11 Elevação;738;Fault;Lift - RL: TL7 Abs.Position Lost Warning;Referência de posição absoluta perdida por falha ou substituição da bateria de retenção, desconexão do encoder, interrupção prolongada de alimentação, alteração de parâmetros ou substituição do componente.;Inspecionar encoder, bateria de retenção, cabo e conectores. Restaurar os parâmetros aprovados e executar o procedimento de referência do eixo. Validar os limites e a posição real antes de retornar ao modo automático.
6.1.11 Elevação;739;Fault;Lift - RL: TL7 Abs Position Overflow;Valor de posição absoluta fora da faixa de contagem por excesso de voltas, escala ou relação mecânica incorreta, referência inadequada ou dados inválidos do encoder.;Verificar a posição física, escala, relação mecânica e parâmetros do encoder. Corrigir a configuração, zerar ou referenciar o eixo conforme o procedimento e validar os limites de curso. Se o valor continuar incoerente, avaliar o encoder e o drive.
6.1.11 Elevação;740;Fault;Lift - RL: TL7 Motor Over Temperature;Temperatura elevada do motor devido a sobrecarga, travamento, freio parcialmente aplicado, ciclos intensos, ventilação insuficiente, falha do sensor térmico ou degradação do motor.;Parar o eixo e aguardar o resfriamento. Verificar carga, liberdade mecânica, freio, ventilação, cabos e leitura do sensor térmico. Corrigir a causa e testar com carga reduzida. Se o aquecimento ou o alarme retornar, avaliar ou substituir o motor.
6.1.11 Elevação;741;Fault;Lift - RL: TL7 Drive Voltage Warning;Advertência de tensão no drive por alimentação próxima dos limites operacionais, oscilação da bateria, queda em cabos e conectores, regeneração elevada ou instabilidade no circuito de potência.;Verificar a alimentação durante o movimento, o estado da bateria e do BMS, dispositivos de proteção e conexões de potência. Corrigir mau contato ou queda de tensão e revisar as condições de aceleração e desaceleração. Monitorar o drive após o teste.
6.1.11 Elevação;742;Fault;Lift - RL: TL7 Save Failed;Falha ao gravar parâmetros no drive por queda de alimentação, memória indisponível ou danificada, proteção de escrita, arquivo incompatível ou interrupção da comunicação durante a gravação.;Estabilizar a alimentação e repetir a gravação com o eixo parado. Verificar comunicação, permissões e compatibilidade do conjunto de parâmetros. Confirmar a leitura após salvar. Se a falha persistir, preservar os dados de diagnóstico e substituir o drive.
6.1.11 Elevação;743;Fault;Lift - RL: TL7 Other Error;Falha interna ou condição não categorizada pelo texto do alarme, podendo estar associada a alimentação, comunicação, parametrização, hardware do drive ou dispositivo conectado.;Consultar o código detalhado no diagnóstico do drive, registrar o estado no momento da falha e verificar alimentação, comunicação, cabos e parâmetros. Executar reinicialização controlada. Se o código persistir, seguir o diagnóstico específico ou substituir o componente afetado.
6.1.11 Elevação;744;Fault;Lift - RL: TL7 Speed Follow Error;Velocidade real não acompanhou a referência devido a sobrecarga, travamento, freio não liberado, perda de torque, falha de encoder, cabo de motor defeituoso ou parâmetros de controle inadequados.;Verificar liberdade mecânica, carga e liberação do freio. Inspecionar motor, encoder, cabos e conectores e confirmar parâmetros de velocidade, aceleração e controle. Corrigir a causa, referenciar o eixo quando necessário e testar com solicitação reduzida.
6.1.11 Elevação;745;Fault;Lift - RR: TL8 Drive Over Current;Corrente elevada no acionamento por sobrecarga mecânica, travamento do conjunto, aceleração excessiva, curto ou mau contato nos cabos do motor, falha de isolamento ou defeito interno no motor ou no drive.;Imobilizar o veículo, verificar se o eixo se movimenta livremente e remover travamentos ou excesso de carga. Inspecionar cabos, conectores e isolamento do motor, conferir alimentação e parâmetros de movimento e, após eliminar a causa, rearmar o acionamento. Substituir o motor ou o drive somente após diagnóstico.
6.1.11 Elevação;746;Fault;Lift - RR: TL8 Drive Over Voltage;Tensão elevada no barramento do acionamento, provocada por alimentação fora da faixa, energia regenerativa não dissipada, falha no circuito de frenagem regenerativa, conexão deficiente ou defeito interno no drive.;"Verificar a estabilidade da alimentação e as conexões de potência. Inspecionar o circuito de dissipação de energia, incluindo cabeamento e resistor de frenagem quando aplicável, e confirmar os parâmetros de desaceleração. Corrigir a causa antes de rearmar; persistindo o alarme, avaliar o drive."
6.1.11 Elevação;747;Fault;Lift - RR: TL8 Drive Over Temperature;Temperatura interna elevada no drive devido a carga excessiva, ciclos repetitivos, ventilação insuficiente, acúmulo de sujeira, temperatura ambiente elevada ou degradação do acionamento.;Parar o equipamento e aguardar o resfriamento em condição segura. Verificar ventilação, limpeza, fixação, circulação de ar e carga mecânica do eixo. Confirmar se o ciclo de operação está adequado e rearmar após normalização. Se o aquecimento retornar, avaliar o drive.
6.1.11 Elevação;748;Fault;Lift - RR: TL8 Drive Internal Voltage Error;Falha em uma tensão interna do drive causada por variação da alimentação, queda momentânea, conexão de potência instável, falha na fonte interna ou defeito eletrônico do acionamento.;Verificar alimentação, aperto e integridade dos cabos e conectores de potência. Desenergizar e energizar conforme o procedimento de manutenção, observando se o erro reaparece. Se a alimentação estiver estável e o alarme persistir, registrar o diagnóstico e substituir o drive.
6.1.11 Elevação;749;Fault;Lift - RR: TL8 Position Error;Desvio excessivo entre a posição comandada e a posição real por obstrução mecânica, sobrecarga, folga ou desacoplamento, falha de encoder, conexão de realimentação deficiente ou parametrização inadequada.;Verificar se o mecanismo está livre, alinhado e sem folgas anormais. Inspecionar acoplamentos, freio, encoder, cabos e conectores de realimentação. Confirmar referência e parâmetros de posição, executar a homogeneização ou referência prevista e testar o movimento em baixa solicitação.
6.1.11 Elevação;750;Fault;Lift - RR: TL8 Motor Encoder Disconnected;Ausência do sinal do encoder do motor por conector solto, cabo rompido ou danificado, alimentação do sensor ausente, blindagem inadequada ou falha do próprio encoder.;"Inspecionar e reconectar o cabo do encoder, verificando pinos, continuidade, blindagem e fixação. Confirmar a alimentação e a leitura do sinal no diagnóstico. Corrigir o cabeamento ou substituir o encoder; se o sinal estiver correto e o alarme permanecer, avaliar a entrada do drive."
6.1.11 Elevação;751;Fault;Lift - RR: TL8 Regen Failed;Falha no processo de regeneração por tensão elevada no barramento, circuito de dissipação interrompido, resistor de frenagem desconectado ou danificado, parâmetros incompatíveis ou defeito no estágio regenerativo do drive.;Verificar o circuito de frenagem regenerativa, conexões e integridade do elemento de dissipação. Confirmar a alimentação e os parâmetros de desaceleração. Corrigir cabos ou componentes danificados, rearmar e testar. Persistindo a falha, avaliar o estágio de potência do drive.
6.1.11 Elevação;752;Fault;Lift - RR: TL8 Safe Torque Off（STO）;Função de torque seguro ativa por acionamento de emergência, circuito de segurança aberto, ausência ou discrepância entre canais de segurança, falha de contato, cabo ou conector, ou entrada de segurança do drive não habilitada.;Confirmar que a área está segura e que todos os dispositivos de emergência foram liberados. Verificar os dois canais do circuito de segurança, contatos, cabos, conectores e sinais de habilitação. Eliminar a falha, executar o rearme de segurança e somente então reabilitar o movimento.
6.1.11 Elevação;753;Fault;Lift - RR: TL8 Bad FPGA;Falha interna de hardware ou firmware no drive, possivelmente associada a inicialização incorreta, alimentação instável, corrupção de firmware ou defeito eletrônico.;Verificar a qualidade da alimentação e executar uma reinicialização controlada. Registrar o código de diagnóstico e conferir a versão e a integridade da configuração. Se o erro retornar, retirar o eixo de operação e substituir ou encaminhar o drive para avaliação técnica.
6.1.11 Elevação;754;Fault;Lift - RR: TL8 Parameter Read Failed;Falha na leitura dos parâmetros do drive por memória corrompida, arquivo de configuração incompatível, interrupção durante a inicialização, comunicação instável ou defeito interno de memória.;Reinicializar o acionamento de forma controlada e verificar a comunicação com o controlador. Restaurar os parâmetros aprovados para o eixo e confirmar a gravação. Se a leitura continuar falhando, preservar o diagnóstico e substituir o drive ou sua memória conforme o procedimento.
6.1.11 Elevação;755;Fault;Lift - RR: TL8 Motor Encoder Multi-turn Error;Informação multivoltas do encoder absoluto inválida por perda de referência, falha de alimentação de retenção, cabo ou conector defeituoso, configuração incorreta ou defeito do encoder.;Inspecionar alimentação, cabo, conector e sinal do encoder absoluto. Confirmar a configuração e executar o procedimento de referência previsto para o eixo. Se a informação multivoltas não for recuperada, substituir o encoder e validar novamente a posição antes de liberar o movimento.
6.1.11 Elevação;756;Fault;Lift - RR: TL8 Motor Stall Protection;Proteção por motor bloqueado, causada por travamento mecânico, carga excessiva, freio não liberado, comando sem movimento, falha de fase, problema de realimentação ou parâmetros de torque inadequados.;Parar o equipamento, remover a carga ou obstrução e verificar se o mecanismo se movimenta livremente. Conferir liberação do freio, cabos do motor, encoder e parâmetros de torque. Rearmar somente após eliminar a causa e testar o eixo com carga reduzida.
6.1.11 Elevação;757;Fault;Lift - RR: TL8 Drive Power Module Over Temperature;Temperatura elevada no módulo de potência por corrente excessiva, ventilação deficiente, dissipação térmica inadequada, ciclos severos, temperatura ambiente elevada ou degradação do módulo.;Desabilitar o movimento e aguardar o resfriamento. Limpar o conjunto, verificar ventilação, montagem e dissipação térmica, além da carga e do ciclo do eixo. Após normalizar, testar o acionamento. Se o alarme retornar, avaliar o módulo de potência ou substituir o drive.
6.1.11 Elevação;758;Fault;Lift - RR: TL8 N Limit;Limite de curso negativo ativo por posição mecânica no fim de curso, sensor ou entrada acionada, alvo desalinhado, cabo em curto ou parametrização incorreta do sentido de movimento.;Verificar a posição física do eixo e afastá-lo do limite somente em modo e procedimento seguros. Inspecionar sensor, alvo, cabo, conector e estado da entrada. Corrigir alinhamento ou parametrização, confirmar a liberação do sinal e testar o curso completo.
6.1.11 Elevação;759;Fault;Lift - RR: TL8 P Limit;Limite de curso positivo ativo por posição mecânica no fim de curso, sensor ou entrada acionada, alvo desalinhado, cabo em curto ou parametrização incorreta do sentido de movimento.;Verificar a posição física do eixo e afastá-lo do limite somente em modo e procedimento seguros. Inspecionar sensor, alvo, cabo, conector e estado da entrada. Corrigir alinhamento ou parametrização, confirmar a liberação do sinal e testar o curso completo.
6.1.11 Elevação;760;Fault;Lift - RR: TL8 N&P Limit;Ativação simultânea dos limites positivo e negativo, normalmente causada por falha de cabeamento, curto entre entradas, sensores acionados simultaneamente, alimentação incorreta ou configuração incompatível.;Não movimentar o eixo até localizar a causa. Verificar os dois sensores de limite, alvos, cabos, conectores e estados das entradas. Corrigir curto, inversão ou parametrização e confirmar que apenas o sinal correspondente à posição física permanece ativo.
6.1.11 Elevação;761;Fault;Lift - RR: TL8 Current Foldback;Redução automática de corrente pelo drive devido a sobrecarga, aquecimento, operação prolongada em alto torque, travamento parcial, parametrização inadequada ou condição de proteção do estágio de potência.;"Verificar carga, atrito, alinhamento e liberdade mecânica do eixo. Confirmar temperatura e ventilação do motor e do drive, além dos parâmetros de corrente e aceleração. Corrigir a condição de esforço excessivo e testar o movimento; persistindo, avaliar motor e drive."
6.1.11 Elevação;762;Fault;Lift - RR: TL8 Move @ Disabled;Comando de movimento recebido enquanto o drive estava desabilitado por ausência de habilitação, função de segurança ativa, sequência de partida incompleta, falha de comunicação ou lógica de comando inconsistente.;Verificar a sequência de habilitação, permissivos, circuito de segurança e estado de comunicação. Eliminar a condição que mantém o drive desabilitado e cancelar comandos pendentes. Após o rearme correto, emitir novo comando e confirmar a resposta do eixo.
6.1.11 Elevação;763;Fault;Lift - RR: TL8 Drive Low Voltage;Tensão insuficiente no barramento do drive por bateria descarregada, proteção do BMS ativa, disjuntor aberto, queda de tensão em cabos ou conectores, alimentação instável ou consumo excessivo.;Verificar o estado da bateria e os eventos do BMS, além dos dispositivos de proteção, cabos e conexões de potência. Corrigir quedas de tensão ou mau contato, recarregar a bateria quando necessário e testar o acionamento sob carga. Persistindo, avaliar o drive.
6.1.11 Elevação;764;Fault;Lift - RR: TL8 Blank Q Segment;Segmento de movimento ausente ou inválido na fila do drive, causado por comando incompleto, sequência de trajetória incorreta, perda de comunicação, parâmetro incompatível ou falha de sincronização com o controlador.;Interromper o ciclo e limpar a sequência de movimento conforme o procedimento. Verificar comunicação, comandos enviados e parâmetros de trajetória. Reinicializar o eixo, reenviar a referência e testar. Se recorrente, analisar o registro do controlador e a configuração do movimento.
6.1.11 Elevação;765;Fault;Lift - RR: TL8 Velocity Limit;Limite de velocidade atingido ou excedido por comando acima do permitido, escala incorreta, parâmetro inadequado, realimentação de velocidade instável ou movimento mecânico não controlado.;Verificar o valor comandado, escalas e parâmetros de velocidade e aceleração. Inspecionar encoder, acoplamento e mecanismo para eliminar instabilidade. Corrigir a configuração, executar referência quando necessária e testar o eixo dentro das condições previstas.
6.1.11 Elevação;766;Fault;Lift - RR: TL8 Drive Power Phase Lost;Interrupção em uma fase de potência entre drive e motor, causada por cabo rompido, conector solto, terminal danificado, falha de enrolamento ou defeito no estágio de saída do drive.;"Desenergizar o circuito e verificar continuidade, aperto e integridade dos cabos e conectores do motor. Medir os enrolamentos e comparar as fases. Corrigir o cabeamento ou substituir o motor; se as fases estiverem normais, avaliar o estágio de potência do drive."
6.1.11 Elevação;767;Fault;Lift - RR: TL8 Emergency Stop;Comando de parada de emergência presente no drive devido a dispositivo acionado, circuito de segurança aberto, falha de contato ou cabeamento, ou sequência de rearme não concluída.;Colocar o equipamento em condição segura, identificar e liberar o dispositivo acionado e verificar o circuito de segurança. Confirmar contatos, cabos, conectores e permissivos. Executar o rearme previsto somente após eliminar a causa e inspecionar a área.
6.1.11 Elevação;768;Fault;Lift - RR: TL8 Abs.Encoder Battery;Bateria de retenção do encoder absoluto com carga baixa, desconectada ou defeituosa, podendo comprometer a preservação da posição quando a alimentação principal é removida.;Verificar a condição e a conexão da bateria de retenção associada ao encoder. Substituí-la conforme o procedimento do fabricante, mantendo a referência quando aplicável. Em seguida, confirmar a posição absoluta e executar nova referência antes de liberar o eixo.
6.1.11 Elevação;769;Fault;Lift - RR: TL8 Abs.Position Lost Warning;Referência de posição absoluta perdida por falha ou substituição da bateria de retenção, desconexão do encoder, interrupção prolongada de alimentação, alteração de parâmetros ou substituição do componente.;Inspecionar encoder, bateria de retenção, cabo e conectores. Restaurar os parâmetros aprovados e executar o procedimento de referência do eixo. Validar os limites e a posição real antes de retornar ao modo automático.
6.1.11 Elevação;770;Fault;Lift - RR: TL8 Abs Position Overflow;Valor de posição absoluta fora da faixa de contagem por excesso de voltas, escala ou relação mecânica incorreta, referência inadequada ou dados inválidos do encoder.;Verificar a posição física, escala, relação mecânica e parâmetros do encoder. Corrigir a configuração, zerar ou referenciar o eixo conforme o procedimento e validar os limites de curso. Se o valor continuar incoerente, avaliar o encoder e o drive.
6.1.11 Elevação;771;Fault;Lift - RR: TL8 Motor Over Temperature;Temperatura elevada do motor devido a sobrecarga, travamento, freio parcialmente aplicado, ciclos intensos, ventilação insuficiente, falha do sensor térmico ou degradação do motor.;Parar o eixo e aguardar o resfriamento. Verificar carga, liberdade mecânica, freio, ventilação, cabos e leitura do sensor térmico. Corrigir a causa e testar com carga reduzida. Se o aquecimento ou o alarme retornar, avaliar ou substituir o motor.
6.1.11 Elevação;772;Fault;Lift - RR: TL8 Drive Voltage Warning;Advertência de tensão no drive por alimentação próxima dos limites operacionais, oscilação da bateria, queda em cabos e conectores, regeneração elevada ou instabilidade no circuito de potência.;Verificar a alimentação durante o movimento, o estado da bateria e do BMS, dispositivos de proteção e conexões de potência. Corrigir mau contato ou queda de tensão e revisar as condições de aceleração e desaceleração. Monitorar o drive após o teste.
6.1.11 Elevação;773;Fault;Lift - RR: TL8 Save Failed;Falha ao gravar parâmetros no drive por queda de alimentação, memória indisponível ou danificada, proteção de escrita, arquivo incompatível ou interrupção da comunicação durante a gravação.;Estabilizar a alimentação e repetir a gravação com o eixo parado. Verificar comunicação, permissões e compatibilidade do conjunto de parâmetros. Confirmar a leitura após salvar. Se a falha persistir, preservar os dados de diagnóstico e substituir o drive.
6.1.11 Elevação;774;Fault;Lift - RR: TL8 Other Error;Falha interna ou condição não categorizada pelo texto do alarme, podendo estar associada a alimentação, comunicação, parametrização, hardware do drive ou dispositivo conectado.;Consultar o código detalhado no diagnóstico do drive, registrar o estado no momento da falha e verificar alimentação, comunicação, cabos e parâmetros. Executar reinicialização controlada. Se o código persistir, seguir o diagnóstico específico ou substituir o componente afetado.
6.1.11 Elevação;775;Fault;Lift - RR: TL8 Speed Follow Error;Velocidade real não acompanhou a referência devido a sobrecarga, travamento, freio não liberado, perda de torque, falha de encoder, cabo de motor defeituoso ou parâmetros de controle inadequados.;Verificar liberdade mecânica, carga e liberação do freio. Inspecionar motor, encoder, cabos e conectores e confirmar parâmetros de velocidade, aceleração e controle. Corrigir a causa, referenciar o eixo quando necessário e testar com solicitação reduzida.
6.1.8 Direção;776;Warnings;Wheels Front Steering: Right Stroke;O sistema de direção atingiu ou detectou o limite de curso à direita. A condição pode ser normal na posição extrema ou resultar de sensor ativo indevidamente, alvo desalinhado, obstrução mecânica, cabo em curto ou referência incorreta.;Verificar a posição física das rodas e afastar do limite somente em modo seguro. Inspecionar mecanismo, batentes, sensor, alvo, cabos e estado da entrada. Corrigir alinhamento ou referência, centralizar a direção e testar o curso completo antes do automático.
6.1.8 Direção;777;Warnings;Wheels Front Steering: Right Stroke;O sistema de direção atingiu ou detectou o limite de curso à direita. A condição pode ser normal na posição extrema ou resultar de sensor ativo indevidamente, alvo desalinhado, obstrução mecânica, cabo em curto ou referência incorreta.;Verificar a posição física das rodas e afastar do limite somente em modo seguro. Inspecionar mecanismo, batentes, sensor, alvo, cabos e estado da entrada. Corrigir alinhamento ou referência, centralizar a direção e testar o curso completo antes do automático.
6.1.8 Direção;807;Warnings;Wheels Rear Steering: Right Stroke;O sistema de direção atingiu ou detectou o limite de curso à direita. A condição pode ser normal na posição extrema ou resultar de sensor ativo indevidamente, alvo desalinhado, obstrução mecânica, cabo em curto ou referência incorreta.;Verificar a posição física das rodas e afastar do limite somente em modo seguro. Inspecionar mecanismo, batentes, sensor, alvo, cabos e estado da entrada. Corrigir alinhamento ou referência, centralizar a direção e testar o curso completo antes do automático.
6.1.8 Direção;808;Warnings;Wheels Rear Steering: Right Stroke;O sistema de direção atingiu ou detectou o limite de curso à direita. A condição pode ser normal na posição extrema ou resultar de sensor ativo indevidamente, alvo desalinhado, obstrução mecânica, cabo em curto ou referência incorreta.;Verificar a posição física das rodas e afastar do limite somente em modo seguro. Inspecionar mecanismo, batentes, sensor, alvo, cabos e estado da entrada. Corrigir alinhamento ou referência, centralizar a direção e testar o curso completo antes do automático.
