2026-07-28 01:24:35,721 - src.utils.logger_config - INFO - Logging configurado. Logs serão salvos em: D:\PSIA\PSIA\data_factory_project\logs\app_20260728_012435.log
2026-07-28 01:24:35,732 - src.database.db_manager - INFO - Tabelas verificadas/criadas com sucesso.
2026-07-28 01:24:35,732 - src.database.db_manager - INFO - DBManager inicializado com o banco de dados: data/selettra_data_factory.db
2026-07-28 01:24:35,732 - src.processors.pdf_extractor - INFO - PDFExtractor inicializado.
2026-07-28 01:24:35,732 - __main__ - INFO - CSVExtractor inicializado.
2026-07-28 01:24:35,732 - __main__ - INFO - Iniciando processamento do PDF: data/raw_pdfs\E250905.AGV.001 - AGV LOGÍSTICO ÔNIBUS - MBB_R1V1.pdf
2026-07-28 01:24:35,733 - src.processors.pdf_extractor - ERROR - Arquivo PDF não encontrado: data/raw_pdfs\data/raw_pdfs\E250905.AGV.001 - AGV LOGÍSTICO ÔNIBUS - MBB_R1V1.pdf
2026-07-28 01:24:35,733 - __main__ - WARNING - Project ID não foi extraído do PDF. O processamento do CSV pode falhar na associação de projeto.
2026-07-28 01:24:35,733 - __main__ - INFO - Iniciando processamento do CSV: data/raw_csvs\Lista_de_Alarmes_AGV.csv
2026-07-28 01:24:35,733 - __main__ - INFO - Iniciando processamento do arquivo CSV: Lista_de_Alarmes_AGV.csv
2026-07-28 01:24:35,734 - __main__ - WARNING - Nenhum project_id fornecido para o CSV. Alarmes serão inseridos sem associação de projeto.
2026-07-28 01:24:35,758 - src.database.db_manager - ERROR - Erro ao inserir alarme '1' para 'None': NOT NULL constraint failed: Alarms.project_id
2026-07-28 01:24:35,758 - __main__ - ERROR - Falha ao inserir alarme '1' para o projeto 'None'. Erro: NOT NULL constraint failed: Alarms.project_id
2026-07-28 01:24:35,758 - src.database.db_manager - ERROR - Erro ao inserir alarme '2' para 'None': NOT NULL constraint failed: Alarms.project_id
2026-07-28 01:24:35,758 - __main__ - ERROR - Falha ao inserir alarme '2' para o projeto 'None'. Erro: NOT NULL constraint failed: Alarms.project_id
2026-07-28 01:24:35,758 - src.database.db_manager - ERROR - Erro ao inserir alarme '3' para 'None': NOT NULL constraint failed: Alarms.project_id
2026-07-28 01:24:35,758 - __main__ - ERROR - Falha ao inserir alarme '3' para o projeto 'None'. Erro: NOT NULL constraint failed: Alarms.project_id
2026-07-28 01:24:35,758 - src.database.db_manager - ERROR - Erro ao inserir alarme '4' para 'None': NOT NULL constraint failed: Alarms.project_id
2026-07-28 01:24:35,758 - __main__ - ERROR - Falha ao inserir alarme '4' para o projeto 'None'. Erro: NOT NULL constraint failed: Alarms.project_id
2026-07-28 01:24:35,759 - src.database.db_manager - ERROR - Erro ao inserir alarme '31' para 'None': NOT NULL constraint failed: Alarms.project_id
2026-07-28 01:24:35,759 - __main__ - ERROR - Falha ao inserir alarme '31' para o projeto 'None'. Erro: NOT NULL constraint failed: Alarms.project_id
2026-07-28 01:24:35,759 - src.database.db_manager - ERROR - Erro ao inserir alarme '32' para 'None': NOT NULL constraint failed: Alarms.project_id
2026-07-28 01:24:35,759 - __main__ - ERROR - Falha ao inserir alarme '32' para o projeto 'None'. Erro: NOT NULL constraint failed: Alarms.project_id
2026-07-28 01:24:35,759 - src.database.db_manager - ERROR - Erro ao inserir alarme '33' para 'None': NOT NULL constraint failed: Alarms.project_id
2026-07-28 01:24:35,759 - __main__ - ERROR - Falha ao inserir alarme '33' para o projeto 'None'. Erro: NOT NULL constraint failed: Alarms.project_id
2026-07-28 01:24:35,759 - src.database.db_manager - ERROR - Erro ao inserir alarme '61' para 'None': NOT NULL constraint failed: Alarms.project_id
2026-07-28 01:24:35,759 - __main__ - ERROR - Falha ao inserir alarme '61' para o projeto 'None'. Erro: NOT NULL constraint failed: Alarms.project_id
2026-07-28 01:24:35,759 - src.database.db_manager - ERROR - Erro ao inserir alarme '62' para 'None': NOT NULL constraint failed: Alarms.project_id
2026-07-28 01:24:35,759 - __main__ - ERROR - Falha ao inserir alarme '62' para o projeto 'None'. Erro: NOT NULL constraint failed: Alarms.project_id
2026-07-28 01:24:35,759 - src.database.db_manager - ERROR - Erro ao inserir alarme '63' para 'None': NOT NULL constraint failed: Alarms.project_id
2026-07-28 01:24:35,760 - __main__ - ERROR - Falha ao inserir alarme '63' para o projeto 'None'. Erro: NOT NULL constraint failed: Alarms.project_id
2026-07-28 01:24:35,760 - src.database.db_manager - ERROR - Erro ao inserir alarme '64' para 'None': NOT NULL constraint failed: Alarms.project_id
2026-07-28 01:24:35,760 - __main__ - ERROR - Falha ao inserir alarme '64' para o projeto 'None'. Erro: NOT NULL constraint failed: Alarms.project_id
2026-07-28 01:24:35,760 - src.database.db_manager - ERROR - Erro ao inserir alarme '65' para 'None': NOT NULL constraint failed: Alarms.project_id
2026-07-28 01:24:35,760 - __main__ - ERROR - Falha ao inserir alarme '65' para o projeto 'None'. Erro: NOT NULL constraint failed: Alarms.project_id
2026-07-28 01:24:35,760 - src.database.db_manager - ERROR - Erro ao inserir alarme '66' para 'None': NOT NULL constraint failed: Alarms.project_id
2026-07-28 01:24:35,760 - __main__ - ERROR - Falha ao inserir alarme '66' para o projeto 'None'. Erro: NOT NULL constraint failed: Alarms.project_id
2026-07-28 01:24:35,760 - src.database.db_manager - ERROR - Erro ao inserir alarme '67' para 'None': NOT NULL constraint failed: Alarms.project_id
2026-07-28 01:24:35,760 - __main__ - ERROR - Falha ao inserir alarme '67' para o projeto 'None'. Erro: NOT NULL constraint failed: Alarms.project_id
2026-07-28 01:24:35,760 - src.database.db_manager - ERROR - Erro ao inserir alarme '68' para 'None': NOT NULL constraint failed: Alarms.project_id
2026-07-28 01:24:35,760 - __main__ - ERROR - Falha ao inserir alarme '68' para o projeto 'None'. Erro: NOT NULL constraint failed: Alarms.project_id
2026-07-28 01:24:35,760 - src.database.db_manager - ERROR - Erro ao inserir alarme '69' para 'None': NOT NULL constraint failed: Alarms.project_id
2026-07-28 01:24:35,760 - __main__ - ERROR - Falha ao inserir alarme '69' para o projeto 'None'. Erro: NOT NULL constraint failed: Alarms.project_id
2026-07-28 01:24:35,761 - src.database.db_manager - ERROR - Erro ao inserir alarme '70' para 'None': NOT NULL constraint failed: Alarms.project_id
2026-07-28 01:24:35,761 - __main__ - ERROR - Falha ao inserir alarme '70' para o projeto 'None'. Erro: NOT NULL constraint failed: Alarms.project_id
2026-07-28 01:24:35,761 - src.database.db_manager - ERROR - Erro ao inserir alarme '71' para 'None': NOT NULL constraint failed: Alarms.project_id
2026-07-28 01:24:35,761 - __main__ - ERROR - Falha ao inserir alarme '71' para o projeto 'None'. Erro: NOT NULL constraint failed: Alarms.project_id
2026-07-28 01:24:35,761 - src.database.db_manager - ERROR - Erro ao inserir alarme '72' para 'None': NOT NULL constraint failed: Alarms.project_id
2026-07-28 01:24:35,761 - __main__ - ERROR - Falha ao inserir alarme '72' para o projeto 'None'. Erro: NOT NULL constraint failed: Alarms.project_id
2026-07-28 01:24:35,761 - src.database.db_manager - ERROR - Erro ao inserir alarme '91' para 'None': NOT NULL constraint failed: Alarms.project_id
2026-07-28 01:24:35,761 - __main__ - ERROR - Falha ao inserir alarme '91' para o projeto 'None'. Erro: NOT NULL constraint failed: Alarms.project_id
2026-07-28 01:24:35,761 - src.database.db_manager - ERROR - Erro ao inserir alarme '92' para 'None': NOT NULL constraint failed: Alarms.project_id
2026-07-28 01:24:35,761 - __main__ - ERROR - Falha ao inserir alarme '92' para o projeto 'None'. Erro: NOT NULL constraint failed: Alarms.project_id
2026-07-28 01:24:35,761 - src.database.db_manager - ERROR - Erro ao inserir alarme '93' para 'None': NOT NULL constraint failed: Alarms.project_id
2026-07-28 01:24:35,761 - __main__ - ERROR - Falha ao inserir alarme '93' para o projeto 'None'. Erro: NOT NULL constraint failed: Alarms.project_id
2026-07-28 01:24:35,761 - src.database.db_manager - ERROR - Erro ao inserir alarme '94' para 'None': NOT NULL constraint failed: Alarms.project_id
2026-07-28 01:24:35,761 - __main__ - ERROR - Falha ao inserir alarme '94' para o projeto 'None'. Erro: NOT NULL constraint failed: Alarms.project_id
2026-07-28 01:24:35,761 - src.database.db_manager - ERROR - Erro ao inserir alarme '95' para 'None': NOT NULL constraint failed: Alarms.project_id
2026-07-28 01:24:35,761 - __main__ - ERROR - Falha ao inserir alarme '95' para o projeto 'None'. Erro: NOT NULL constraint failed: Alarms.project_id
2026-07-28 01:24:35,762 - src.database.db_manager - ERROR - Erro ao inserir alarme '96' para 'None': NOT NULL constraint failed: Alarms.project_id
2026-07-28 01:24:35,762 - __main__ - ERROR - Falha ao inserir alarme '96' para o projeto 'None'. Erro: NOT NULL constraint failed: Alarms.project_id
2026-07-28 01:24:35,762 - src.database.db_manager - ERROR - Erro ao inserir alarme '106' para 'None': NOT NULL constraint failed: Alarms.project_id
2026-07-28 01:24:35,762 - __main__ - ERROR - Falha ao inserir alarme '106' para o projeto 'None'. Erro: NOT NULL constraint failed: Alarms.project_id
2026-07-28 01:24:35,762 - src.database.db_manager - ERROR - Erro ao inserir alarme '107' para 'None': NOT NULL constraint failed: Alarms.project_id
2026-07-28 01:24:35,762 - __main__ - ERROR - Falha ao inserir alarme '107' para o projeto 'None'. Erro: NOT NULL constraint failed: Alarms.project_id
2026-07-28 01:24:35,762 - src.database.db_manager - ERROR - Erro ao inserir alarme '108' para 'None': NOT NULL constraint failed: Alarms.project_id
2026-07-28 01:24:35,762 - __main__ - ERROR - Falha ao inserir alarme '108' para o projeto 'None'. Erro: NOT NULL constraint failed: Alarms.project_id
2026-07-28 01:24:35,762 - src.database.db_manager - ERROR - Erro ao inserir alarme '109' para 'None': NOT NULL constraint failed: Alarms.project_id
2026-07-28 01:24:35,762 - __main__ - ERROR - Falha ao inserir alarme '109' para o projeto 'None'. Erro: NOT NULL constraint failed: Alarms.project_id
2026-07-28 01:24:35,762 - src.database.db_manager - ERROR - Erro ao inserir alarme '110' para 'None': NOT NULL constraint failed: Alarms.project_id
2026-07-28 01:24:35,762 - __main__ - ERROR - Falha ao inserir alarme '110' para o projeto 'None'. Erro: NOT NULL constraint failed: Alarms.project_id
2026-07-28 01:24:35,762 - src.database.db_manager - ERROR - Erro ao inserir alarme '111' para 'None': NOT NULL constraint failed: Alarms.project_id
2026-07-28 01:24:35,762 - __main__ - ERROR - Falha ao inserir alarme '111' para o projeto 'None'. Erro: NOT NULL constraint failed: Alarms.project_id
2026-07-28 01:24:35,762 - src.database.db_manager - ERROR - Erro ao inserir alarme '112' para 'None': NOT NULL constraint failed: Alarms.project_id
2026-07-28 01:24:35,762 - __main__ - ERROR - Falha ao inserir alarme '112' para o projeto 'None'. Erro: NOT NULL constraint failed: Alarms.project_id
2026-07-28 01:24:35,762 - src.database.db_manager - ERROR - Erro ao inserir alarme '113' para 'None': NOT NULL constraint failed: Alarms.project_id
2026-07-28 01:24:35,763 - __main__ - ERROR - Falha ao inserir alarme '113' para o projeto 'None'. Erro: NOT NULL constraint failed: Alarms.project_id
2026-07-28 01:24:35,763 - src.database.db_manager - ERROR - Erro ao inserir alarme '120' para 'None': NOT NULL constraint failed: Alarms.project_id
2026-07-28 01:24:35,763 - __main__ - ERROR - Falha ao inserir alarme '120' para o projeto 'None'. Erro: NOT NULL constraint failed: Alarms.project_id
2026-07-28 01:24:35,763 - src.database.db_manager - ERROR - Erro ao inserir alarme '121' para 'None': NOT NULL constraint failed: Alarms.project_id
2026-07-28 01:24:35,763 - __main__ - ERROR - Falha ao inserir alarme '121' para o projeto 'None'. Erro: NOT NULL constraint failed: Alarms.project_id
2026-07-28 01:24:35,763 - src.database.db_manager - ERROR - Erro ao inserir alarme '122' para 'None': NOT NULL constraint failed: Alarms.project_id
2026-07-28 01:24:35,763 - __main__ - ERROR - Falha ao inserir alarme '122' para o projeto 'None'. Erro: NOT NULL constraint failed: Alarms.project_id
2026-07-28 01:24:35,763 - src.database.db_manager - ERROR - Erro ao inserir alarme '180' para 'None': NOT NULL constraint failed: Alarms.project_id
2026-07-28 01:24:35,763 - __main__ - ERROR - Falha ao inserir alarme '180' para o projeto 'None'. Erro: NOT NULL constraint failed: Alarms.project_id
2026-07-28 01:24:35,763 - src.database.db_manager - ERROR - Erro ao inserir alarme '181' para 'None': NOT NULL constraint failed: Alarms.project_id
2026-07-28 01:24:35,763 - __main__ - ERROR - Falha ao inserir alarme '181' para o projeto 'None'. Erro: NOT NULL constraint failed: Alarms.project_id
2026-07-28 01:24:35,763 - src.database.db_manager - ERROR - Erro ao inserir alarme '182' para 'None': NOT NULL constraint failed: Alarms.project_id
2026-07-28 01:24:35,763 - __main__ - ERROR - Falha ao inserir alarme '182' para o projeto 'None'. Erro: NOT NULL constraint failed: Alarms.project_id
2026-07-28 01:24:35,763 - src.database.db_manager - ERROR - Erro ao inserir alarme '183' para 'None': NOT NULL constraint failed: Alarms.project_id
2026-07-28 01:24:35,763 - __main__ - ERROR - Falha ao inserir alarme '183' para o projeto 'None'. Erro: NOT NULL constraint failed: Alarms.project_id
2026-07-28 01:24:35,763 - src.database.db_manager - ERROR - Erro ao inserir alarme '210' para 'None': NOT NULL constraint failed: Alarms.project_id
2026-07-28 01:24:35,763 - __main__ - ERROR - Falha ao inserir alarme '210' para o projeto 'None'. Erro: NOT NULL constraint failed: Alarms.project_id
2026-07-28 01:24:35,764 - src.database.db_manager - ERROR - Erro ao inserir alarme '211' para 'None': NOT NULL constraint failed: Alarms.project_id
2026-07-28 01:24:35,764 - __main__ - ERROR - Falha ao inserir alarme '211' para o projeto 'None'. Erro: NOT NULL constraint failed: Alarms.project_id
2026-07-28 01:24:35,764 - src.database.db_manager - ERROR - Erro ao inserir alarme '212' para 'None': NOT NULL constraint failed: Alarms.project_id
2026-07-28 01:24:35,764 - __main__ - ERROR - Falha ao inserir alarme '212' para o projeto 'None'. Erro: NOT NULL constraint failed: Alarms.project_id
2026-07-28 01:24:35,764 - src.database.db_manager - ERROR - Erro ao inserir alarme '213' para 'None': NOT NULL constraint failed: Alarms.project_id
2026-07-28 01:24:35,764 - __main__ - ERROR - Falha ao inserir alarme '213' para o projeto 'None'. Erro: NOT NULL constraint failed: Alarms.project_id
2026-07-28 01:24:35,764 - src.database.db_manager - ERROR - Erro ao inserir alarme '214' para 'None': NOT NULL constraint failed: Alarms.project_id
2026-07-28 01:24:35,764 - __main__ - ERROR - Falha ao inserir alarme '214' para o projeto 'None'. Erro: NOT NULL constraint failed: Alarms.project_id
2026-07-28 01:24:35,764 - src.database.db_manager - ERROR - Erro ao inserir alarme '215' para 'None': NOT NULL constraint failed: Alarms.project_id
2026-07-28 01:24:35,764 - __main__ - ERROR - Falha ao inserir alarme '215' para o projeto 'None'. Erro: NOT NULL constraint failed: Alarms.project_id
2026-07-28 01:24:35,764 - src.database.db_manager - ERROR - Erro ao inserir alarme '216' para 'None': NOT NULL constraint failed: Alarms.project_id
2026-07-28 01:24:35,764 - __main__ - ERROR - Falha ao inserir alarme '216' para o projeto 'None'. Erro: NOT NULL constraint failed: Alarms.project_id
2026-07-28 01:24:35,764 - src.database.db_manager - ERROR - Erro ao inserir alarme '240' para 'None': NOT NULL constraint failed: Alarms.project_id
2026-07-28 01:24:35,764 - __main__ - ERROR - Falha ao inserir alarme '240' para o projeto 'None'. Erro: NOT NULL constraint failed: Alarms.project_id
2026-07-28 01:24:35,764 - src.database.db_manager - ERROR - Erro ao inserir alarme '241' para 'None': NOT NULL constraint failed: Alarms.project_id
2026-07-28 01:24:35,764 - __main__ - ERROR - Falha ao inserir alarme '241' para o projeto 'None'. Erro: NOT NULL constraint failed: Alarms.project_id
2026-07-28 01:24:35,765 - src.database.db_manager - ERROR - Erro ao inserir alarme '242' para 'None': NOT NULL constraint failed: Alarms.project_id
2026-07-28 01:24:35,765 - __main__ - ERROR - Falha ao inserir alarme '242' para o projeto 'None'. Erro: NOT NULL constraint failed: Alarms.project_id
2026-07-28 01:24:35,765 - src.database.db_manager - ERROR - Erro ao inserir alarme '243' para 'None': NOT NULL constraint failed: Alarms.project_id
2026-07-28 01:24:35,765 - __main__ - ERROR - Falha ao inserir alarme '243' para o projeto 'None'. Erro: NOT NULL constraint failed: Alarms.project_id
2026-07-28 01:24:35,765 - src.database.db_manager - ERROR - Erro ao inserir alarme '244' para 'None': NOT NULL constraint failed: Alarms.project_id
2026-07-28 01:24:35,765 - __main__ - ERROR - Falha ao inserir alarme '244' para o projeto 'None'. Erro: NOT NULL constraint failed: Alarms.project_id
2026-07-28 01:24:35,765 - src.database.db_manager - ERROR - Erro ao inserir alarme '245' para 'None': NOT NULL constraint failed: Alarms.project_id
2026-07-28 01:24:35,765 - __main__ - ERROR - Falha ao inserir alarme '245' para o projeto 'None'. Erro: NOT NULL constraint failed: Alarms.project_id
2026-07-28 01:24:35,765 - src.database.db_manager - ERROR - Erro ao inserir alarme '270' para 'None': NOT NULL constraint failed: Alarms.project_id
2026-07-28 01:24:35,765 - __main__ - ERROR - Falha ao inserir alarme '270' para o projeto 'None'. Erro: NOT NULL constraint failed: Alarms.project_id
2026-07-28 01:24:35,765 - src.database.db_manager - ERROR - Erro ao inserir alarme '271' para 'None': NOT NULL constraint failed: Alarms.project_id
2026-07-28 01:24:35,765 - __main__ - ERROR - Falha ao inserir alarme '271' para o projeto 'None'. Erro: NOT NULL constraint failed: Alarms.project_id
2026-07-28 01:24:35,765 - src.database.db_manager - ERROR - Erro ao inserir alarme '300' para 'None': NOT NULL constraint failed: Alarms.project_id
2026-07-28 01:24:35,766 - __main__ - ERROR - Falha ao inserir alarme '300' para o projeto 'None'. Erro: NOT NULL constraint failed: Alarms.project_id
2026-07-28 01:24:35,766 - src.database.db_manager - ERROR - Erro ao inserir alarme '301' para 'None': NOT NULL constraint failed: Alarms.project_id
2026-07-28 01:24:35,766 - __main__ - ERROR - Falha ao inserir alarme '301' para o projeto 'None'. Erro: NOT NULL constraint failed: Alarms.project_id
2026-07-28 01:24:35,766 - src.database.db_manager - ERROR - Erro ao inserir alarme '302' para 'None': NOT NULL constraint failed: Alarms.project_id
2026-07-28 01:24:35,766 - __main__ - ERROR - Falha ao inserir alarme '302' para o projeto 'None'. Erro: NOT NULL constraint failed: Alarms.project_id
2026-07-28 01:24:35,766 - src.database.db_manager - ERROR - Erro ao inserir alarme '330' para 'None': NOT NULL constraint failed: Alarms.project_id
2026-07-28 01:24:35,766 - __main__ - ERROR - Falha ao inserir alarme '330' para o projeto 'None'. Erro: NOT NULL constraint failed: Alarms.project_id
2026-07-28 01:24:35,766 - src.database.db_manager - ERROR - Erro ao inserir alarme '331' para 'None': NOT NULL constraint failed: Alarms.project_id
2026-07-28 01:24:35,766 - __main__ - ERROR - Falha ao inserir alarme '331' para o projeto 'None'. Erro: NOT NULL constraint failed: Alarms.project_id
2026-07-28 01:24:35,766 - src.database.db_manager - ERROR - Erro ao inserir alarme '332' para 'None': NOT NULL constraint failed: Alarms.project_id
2026-07-28 01:24:35,766 - __main__ - ERROR - Falha ao inserir alarme '332' para o projeto 'None'. Erro: NOT NULL constraint failed: Alarms.project_id
2026-07-28 01:24:35,766 - src.database.db_manager - ERROR - Erro ao inserir alarme '360' para 'None': NOT NULL constraint failed: Alarms.project_id
2026-07-28 01:24:35,766 - __main__ - ERROR - Falha ao inserir alarme '360' para o projeto 'None'. Erro: NOT NULL constraint failed: Alarms.project_id
2026-07-28 01:24:35,766 - src.database.db_manager - ERROR - Erro ao inserir alarme '361' para 'None': NOT NULL constraint failed: Alarms.project_id
2026-07-28 01:24:35,766 - __main__ - ERROR - Falha ao inserir alarme '361' para o projeto 'None'. Erro: NOT NULL constraint failed: Alarms.project_id
2026-07-28 01:24:35,766 - src.database.db_manager - ERROR - Erro ao inserir alarme '362' para 'None': NOT NULL constraint failed: Alarms.project_id
2026-07-28 01:24:35,766 - __main__ - ERROR - Falha ao inserir alarme '362' para o projeto 'None'. Erro: NOT NULL constraint failed: Alarms.project_id
2026-07-28 01:24:35,767 - src.database.db_manager - ERROR - Erro ao inserir alarme '363' para 'None': NOT NULL constraint failed: Alarms.project_id
2026-07-28 01:24:35,767 - __main__ - ERROR - Falha ao inserir alarme '363' para o projeto 'None'. Erro: NOT NULL constraint failed: Alarms.project_id
2026-07-28 01:24:35,767 - src.database.db_manager - ERROR - Erro ao inserir alarme '364' para 'None': NOT NULL constraint failed: Alarms.project_id
2026-07-28 01:24:35,767 - __main__ - ERROR - Falha ao inserir alarme '364' para o projeto 'None'. Erro: NOT NULL constraint failed: Alarms.project_id
2026-07-28 01:24:35,767 - src.database.db_manager - ERROR - Erro ao inserir alarme '365' para 'None': NOT NULL constraint failed: Alarms.project_id
2026-07-28 01:24:35,767 - __main__ - ERROR - Falha ao inserir alarme '365' para o projeto 'None'. Erro: NOT NULL constraint failed: Alarms.project_id
2026-07-28 01:24:35,767 - src.database.db_manager - ERROR - Erro ao inserir alarme '366' para 'None': NOT NULL constraint failed: Alarms.project_id
2026-07-28 01:24:35,767 - __main__ - ERROR - Falha ao inserir alarme '366' para o projeto 'None'. Erro: NOT NULL constraint failed: Alarms.project_id
2026-07-28 01:24:35,767 - src.database.db_manager - ERROR - Erro ao inserir alarme '367' para 'None': NOT NULL constraint failed: Alarms.project_id
2026-07-28 01:24:35,767 - __main__ - ERROR - Falha ao inserir alarme '367' para o projeto 'None'. Erro: NOT NULL constraint failed: Alarms.project_id
2026-07-28 01:24:35,767 - src.database.db_manager - ERROR - Erro ao inserir alarme '368' para 'None': NOT NULL constraint failed: Alarms.project_id
2026-07-28 01:24:35,767 - __main__ - ERROR - Falha ao inserir alarme '368' para o projeto 'None'. Erro: NOT NULL constraint failed: Alarms.project_id
2026-07-28 01:24:35,767 - src.database.db_manager - ERROR - Erro ao inserir alarme '369' para 'None': NOT NULL constraint failed: Alarms.project_id
2026-07-28 01:24:35,767 - __main__ - ERROR - Falha ao inserir alarme '369' para o projeto 'None'. Erro: NOT NULL constraint failed: Alarms.project_id
2026-07-28 01:24:35,767 - src.database.db_manager - ERROR - Erro ao inserir alarme '370' para 'None': NOT NULL constraint failed: Alarms.project_id
2026-07-28 01:24:35,767 - __main__ - ERROR - Falha ao inserir alarme '370' para o projeto 'None'. Erro: NOT NULL constraint failed: Alarms.project_id
2026-07-28 01:24:35,768 - src.database.db_manager - ERROR - Erro ao inserir alarme '371' para 'None': NOT NULL constraint failed: Alarms.project_id
2026-07-28 01:24:35,768 - __main__ - ERROR - Falha ao inserir alarme '371' para o projeto 'None'. Erro: NOT NULL constraint failed: Alarms.project_id
2026-07-28 01:24:35,768 - src.database.db_manager - ERROR - Erro ao inserir alarme '372' para 'None': NOT NULL constraint failed: Alarms.project_id
2026-07-28 01:24:35,768 - __main__ - ERROR - Falha ao inserir alarme '372' para o projeto 'None'. Erro: NOT NULL constraint failed: Alarms.project_id
2026-07-28 01:24:35,768 - src.database.db_manager - ERROR - Erro ao inserir alarme '373' para 'None': NOT NULL constraint failed: Alarms.project_id
2026-07-28 01:24:35,768 - __main__ - ERROR - Falha ao inserir alarme '373' para o projeto 'None'. Erro: NOT NULL constraint failed: Alarms.project_id
2026-07-28 01:24:35,768 - src.database.db_manager - ERROR - Erro ao inserir alarme '374' para 'None': NOT NULL constraint failed: Alarms.project_id
2026-07-28 01:24:35,768 - __main__ - ERROR - Falha ao inserir alarme '374' para o projeto 'None'. Erro: NOT NULL constraint failed: Alarms.project_id
2026-07-28 01:24:35,768 - src.database.db_manager - ERROR - Erro ao inserir alarme '375' para 'None': NOT NULL constraint failed: Alarms.project_id
2026-07-28 01:24:35,768 - __main__ - ERROR - Falha ao inserir alarme '375' para o projeto 'None'. Erro: NOT NULL constraint failed: Alarms.project_id
2026-07-28 01:24:35,768 - src.database.db_manager - ERROR - Erro ao inserir alarme '376' para 'None': NOT NULL constraint failed: Alarms.project_id
2026-07-28 01:24:35,768 - __main__ - ERROR - Falha ao inserir alarme '376' para o projeto 'None'. Erro: NOT NULL constraint failed: Alarms.project_id
2026-07-28 01:24:35,768 - src.database.db_manager - ERROR - Erro ao inserir alarme '377' para 'None': NOT NULL constraint failed: Alarms.project_id
2026-07-28 01:24:35,768 - __main__ - ERROR - Falha ao inserir alarme '377' para o projeto 'None'. Erro: NOT NULL constraint failed: Alarms.project_id
2026-07-28 01:24:35,768 - src.database.db_manager - ERROR - Erro ao inserir alarme '378' para 'None': NOT NULL constraint failed: Alarms.project_id
2026-07-28 01:24:35,769 - __main__ - ERROR - Falha ao inserir alarme '378' para o projeto 'None'. Erro: NOT NULL constraint failed: Alarms.project_id
2026-07-28 01:24:35,769 - src.database.db_manager - ERROR - Erro ao inserir alarme '379' para 'None': NOT NULL constraint failed: Alarms.project_id
2026-07-28 01:24:35,769 - __main__ - ERROR - Falha ao inserir alarme '379' para o projeto 'None'. Erro: NOT NULL constraint failed: Alarms.project_id
2026-07-28 01:24:35,769 - src.database.db_manager - ERROR - Erro ao inserir alarme '380' para 'None': NOT NULL constraint failed: Alarms.project_id
2026-07-28 01:24:35,769 - __main__ - ERROR - Falha ao inserir alarme '380' para o projeto 'None'. Erro: NOT NULL constraint failed: Alarms.project_id
2026-07-28 01:24:35,769 - src.database.db_manager - ERROR - Erro ao inserir alarme '381' para 'None': NOT NULL constraint failed: Alarms.project_id
2026-07-28 01:24:35,769 - __main__ - ERROR - Falha ao inserir alarme '381' para o projeto 'None'. Erro: NOT NULL constraint failed: Alarms.project_id
2026-07-28 01:24:35,769 - src.database.db_manager - ERROR - Erro ao inserir alarme '382' para 'None': NOT NULL constraint failed: Alarms.project_id
2026-07-28 01:24:35,769 - __main__ - ERROR - Falha ao inserir alarme '382' para o projeto 'None'. Erro: NOT NULL constraint failed: Alarms.project_id
2026-07-28 01:24:35,769 - src.database.db_manager - ERROR - Erro ao inserir alarme '383' para 'None': NOT NULL constraint failed: Alarms.project_id
2026-07-28 01:24:35,769 - __main__ - ERROR - Falha ao inserir alarme '383' para o projeto 'None'. Erro: NOT NULL constraint failed: Alarms.project_id
2026-07-28 01:24:35,769 - src.database.db_manager - ERROR - Erro ao inserir alarme '384' para 'None': NOT NULL constraint failed: Alarms.project_id
2026-07-28 01:24:35,769 - __main__ - ERROR - Falha ao inserir alarme '384' para o projeto 'None'. Erro: NOT NULL constraint failed: Alarms.project_id
2026-07-28 01:24:35,769 - src.database.db_manager - ERROR - Erro ao inserir alarme '385' para 'None': NOT NULL constraint failed: Alarms.project_id
2026-07-28 01:24:35,769 - __main__ - ERROR - Falha ao inserir alarme '385' para o projeto 'None'. Erro: NOT NULL constraint failed: Alarms.project_id
2026-07-28 01:24:35,769 - src.database.db_manager - ERROR - Erro ao inserir alarme '386' para 'None': NOT NULL constraint failed: Alarms.project_id
2026-07-28 01:24:35,770 - __main__ - ERROR - Falha ao inserir alarme '386' para o projeto 'None'. Erro: NOT NULL constraint failed: Alarms.project_id
2026-07-28 01:24:35,770 - src.database.db_manager - ERROR - Erro ao inserir alarme '387' para 'None': NOT NULL constraint failed: Alarms.project_id
2026-07-28 01:24:35,770 - __main__ - ERROR - Falha ao inserir alarme '387' para o projeto 'None'. Erro: NOT NULL constraint failed: Alarms.project_id
2026-07-28 01:24:35,770 - src.database.db_manager - ERROR - Erro ao inserir alarme '388' para 'None': NOT NULL constraint failed: Alarms.project_id
2026-07-28 01:24:35,770 - __main__ - ERROR - Falha ao inserir alarme '388' para o projeto 'None'. Erro: NOT NULL constraint failed: Alarms.project_id
2026-07-28 01:24:35,770 - src.database.db_manager - ERROR - Erro ao inserir alarme '389' para 'None': NOT NULL constraint failed: Alarms.project_id
2026-07-28 01:24:35,770 - __main__ - ERROR - Falha ao inserir alarme '389' para o projeto 'None'. Erro: NOT NULL constraint failed: Alarms.project_id
2026-07-28 01:24:35,770 - src.database.db_manager - ERROR - Erro ao inserir alarme '390' para 'None': NOT NULL constraint failed: Alarms.project_id
2026-07-28 01:24:35,770 - __main__ - ERROR - Falha ao inserir alarme '390' para o projeto 'None'. Erro: NOT NULL constraint failed: Alarms.project_id
2026-07-28 01:24:35,770 - src.database.db_manager - ERROR - Erro ao inserir alarme '391' para 'None': NOT NULL constraint failed: Alarms.project_id
2026-07-28 01:24:35,770 - __main__ - ERROR - Falha ao inserir alarme '391' para o projeto 'None'. Erro: NOT NULL constraint failed: Alarms.project_id
2026-07-28 01:24:35,770 - src.database.db_manager - ERROR - Erro ao inserir alarme '392' para 'None': NOT NULL constraint failed: Alarms.project_id
2026-07-28 01:24:35,770 - __main__ - ERROR - Falha ao inserir alarme '392' para o projeto 'None'. Erro: NOT NULL constraint failed: Alarms.project_id
2026-07-28 01:24:35,770 - src.database.db_manager - ERROR - Erro ao inserir alarme '393' para 'None': NOT NULL constraint failed: Alarms.project_id
2026-07-28 01:24:35,770 - __main__ - ERROR - Falha ao inserir alarme '393' para o projeto 'None'. Erro: NOT NULL constraint failed: Alarms.project_id
2026-07-28 01:24:35,770 - src.database.db_manager - ERROR - Erro ao inserir alarme '394' para 'None': NOT NULL constraint failed: Alarms.project_id
2026-07-28 01:24:35,770 - __main__ - ERROR - Falha ao inserir alarme '394' para o projeto 'None'. Erro: NOT NULL constraint failed: Alarms.project_id
2026-07-28 01:24:35,771 - src.database.db_manager - ERROR - Erro ao inserir alarme '395' para 'None': NOT NULL constraint failed: Alarms.project_id
2026-07-28 01:24:35,771 - __main__ - ERROR - Falha ao inserir alarme '395' para o projeto 'None'. Erro: NOT NULL constraint failed: Alarms.project_id
2026-07-28 01:24:35,771 - src.database.db_manager - ERROR - Erro ao inserir alarme '396' para 'None': NOT NULL constraint failed: Alarms.project_id
2026-07-28 01:24:35,771 - __main__ - ERROR - Falha ao inserir alarme '396' para o projeto 'None'. Erro: NOT NULL constraint failed: Alarms.project_id
2026-07-28 01:24:35,771 - src.database.db_manager - ERROR - Erro ao inserir alarme '397' para 'None': NOT NULL constraint failed: Alarms.project_id
2026-07-28 01:24:35,771 - __main__ - ERROR - Falha ao inserir alarme '397' para o projeto 'None'. Erro: NOT NULL constraint failed: Alarms.project_id
2026-07-28 01:24:35,771 - src.database.db_manager - ERROR - Erro ao inserir alarme '398' para 'None': NOT NULL constraint failed: Alarms.project_id
2026-07-28 01:24:35,771 - __main__ - ERROR - Falha ao inserir alarme '398' para o projeto 'None'. Erro: NOT NULL constraint failed: Alarms.project_id
2026-07-28 01:24:35,771 - src.database.db_manager - ERROR - Erro ao inserir alarme '399' para 'None': NOT NULL constraint failed: Alarms.project_id
2026-07-28 01:24:35,771 - __main__ - ERROR - Falha ao inserir alarme '399' para o projeto 'None'. Erro: NOT NULL constraint failed: Alarms.project_id
2026-07-28 01:24:35,771 - src.database.db_manager - ERROR - Erro ao inserir alarme '400' para 'None': NOT NULL constraint failed: Alarms.project_id
2026-07-28 01:24:35,771 - __main__ - ERROR - Falha ao inserir alarme '400' para o projeto 'None'. Erro: NOT NULL constraint failed: Alarms.project_id
2026-07-28 01:24:35,771 - src.database.db_manager - ERROR - Erro ao inserir alarme '401' para 'None': NOT NULL constraint failed: Alarms.project_id
2026-07-28 01:24:35,771 - __main__ - ERROR - Falha ao inserir alarme '401' para o projeto 'None'. Erro: NOT NULL constraint failed: Alarms.project_id
2026-07-28 01:24:35,771 - src.database.db_manager - ERROR - Erro ao inserir alarme '402' para 'None': NOT NULL constraint failed: Alarms.project_id
2026-07-28 01:24:35,772 - __main__ - ERROR - Falha ao inserir alarme '402' para o projeto 'None'. Erro: NOT NULL constraint failed: Alarms.project_id
2026-07-28 01:24:35,772 - src.database.db_manager - ERROR - Erro ao inserir alarme '403' para 'None': NOT NULL constraint failed: Alarms.project_id
2026-07-28 01:24:35,772 - __main__ - ERROR - Falha ao inserir alarme '403' para o projeto 'None'. Erro: NOT NULL constraint failed: Alarms.project_id
2026-07-28 01:24:35,772 - src.database.db_manager - ERROR - Erro ao inserir alarme '404' para 'None': NOT NULL constraint failed: Alarms.project_id
2026-07-28 01:24:35,772 - __main__ - ERROR - Falha ao inserir alarme '404' para o projeto 'None'. Erro: NOT NULL constraint failed: Alarms.project_id
2026-07-28 01:24:35,772 - src.database.db_manager - ERROR - Erro ao inserir alarme '405' para 'None': NOT NULL constraint failed: Alarms.project_id
2026-07-28 01:24:35,772 - __main__ - ERROR - Falha ao inserir alarme '405' para o projeto 'None'. Erro: NOT NULL constraint failed: Alarms.project_id
2026-07-28 01:24:35,772 - src.database.db_manager - ERROR - Erro ao inserir alarme '406' para 'None': NOT NULL constraint failed: Alarms.project_id
2026-07-28 01:24:35,772 - __main__ - ERROR - Falha ao inserir alarme '406' para o projeto 'None'. Erro: NOT NULL constraint failed: Alarms.project_id
2026-07-28 01:24:35,772 - src.database.db_manager - ERROR - Erro ao inserir alarme '407' para 'None': NOT NULL constraint failed: Alarms.project_id
2026-07-28 01:24:35,772 - __main__ - ERROR - Falha ao inserir alarme '407' para o projeto 'None'. Erro: NOT NULL constraint failed: Alarms.project_id
2026-07-28 01:24:35,772 - src.database.db_manager - ERROR - Erro ao inserir alarme '408' para 'None': NOT NULL constraint failed: Alarms.project_id
2026-07-28 01:24:35,773 - __main__ - ERROR - Falha ao inserir alarme '408' para o projeto 'None'. Erro: NOT NULL constraint failed: Alarms.project_id
2026-07-28 01:24:35,773 - src.database.db_manager - ERROR - Erro ao inserir alarme '409' para 'None': NOT NULL constraint failed: Alarms.project_id
2026-07-28 01:24:35,773 - __main__ - ERROR - Falha ao inserir alarme '409' para o projeto 'None'. Erro: NOT NULL constraint failed: Alarms.project_id
2026-07-28 01:24:35,773 - src.database.db_manager - ERROR - Erro ao inserir alarme '410' para 'None': NOT NULL constraint failed: Alarms.project_id
2026-07-28 01:24:35,773 - __main__ - ERROR - Falha ao inserir alarme '410' para o projeto 'None'. Erro: NOT NULL constraint failed: Alarms.project_id
2026-07-28 01:24:35,773 - src.database.db_manager - ERROR - Erro ao inserir alarme '411' para 'None': NOT NULL constraint failed: Alarms.project_id
2026-07-28 01:24:35,773 - __main__ - ERROR - Falha ao inserir alarme '411' para o projeto 'None'. Erro: NOT NULL constraint failed: Alarms.project_id
2026-07-28 01:24:35,773 - src.database.db_manager - ERROR - Erro ao inserir alarme '412' para 'None': NOT NULL constraint failed: Alarms.project_id
2026-07-28 01:24:35,773 - __main__ - ERROR - Falha ao inserir alarme '412' para o projeto 'None'. Erro: NOT NULL constraint failed: Alarms.project_id
2026-07-28 01:24:35,773 - src.database.db_manager - ERROR - Erro ao inserir alarme '413' para 'None': NOT NULL constraint failed: Alarms.project_id
2026-07-28 01:24:35,773 - __main__ - ERROR - Falha ao inserir alarme '413' para o projeto 'None'. Erro: NOT NULL constraint failed: Alarms.project_id
2026-07-28 01:24:35,773 - src.database.db_manager - ERROR - Erro ao inserir alarme '414' para 'None': NOT NULL constraint failed: Alarms.project_id
2026-07-28 01:24:35,773 - __main__ - ERROR - Falha ao inserir alarme '414' para o projeto 'None'. Erro: NOT NULL constraint failed: Alarms.project_id
2026-07-28 01:24:35,773 - src.database.db_manager - ERROR - Erro ao inserir alarme '415' para 'None': NOT NULL constraint failed: Alarms.project_id
2026-07-28 01:24:35,773 - __main__ - ERROR - Falha ao inserir alarme '415' para o projeto 'None'. Erro: NOT NULL constraint failed: Alarms.project_id
2026-07-28 01:24:35,774 - src.database.db_manager - ERROR - Erro ao inserir alarme '416' para 'None': NOT NULL constraint failed: Alarms.project_id
2026-07-28 01:24:35,774 - __main__ - ERROR - Falha ao inserir alarme '416' para o projeto 'None'. Erro: NOT NULL constraint failed: Alarms.project_id
2026-07-28 01:24:35,774 - src.database.db_manager - ERROR - Erro ao inserir alarme '417' para 'None': NOT NULL constraint failed: Alarms.project_id
2026-07-28 01:24:35,774 - __main__ - ERROR - Falha ao inserir alarme '417' para o projeto 'None'. Erro: NOT NULL constraint failed: Alarms.project_id
2026-07-28 01:24:35,774 - src.database.db_manager - ERROR - Erro ao inserir alarme '418' para 'None': NOT NULL constraint failed: Alarms.project_id
2026-07-28 01:24:35,774 - __main__ - ERROR - Falha ao inserir alarme '418' para o projeto 'None'. Erro: NOT NULL constraint failed: Alarms.project_id
2026-07-28 01:24:35,774 - src.database.db_manager - ERROR - Erro ao inserir alarme '419' para 'None': NOT NULL constraint failed: Alarms.project_id
2026-07-28 01:24:35,774 - __main__ - ERROR - Falha ao inserir alarme '419' para o projeto 'None'. Erro: NOT NULL constraint failed: Alarms.project_id
2026-07-28 01:24:35,774 - src.database.db_manager - ERROR - Erro ao inserir alarme '420' para 'None': NOT NULL constraint failed: Alarms.project_id
2026-07-28 01:24:35,774 - __main__ - ERROR - Falha ao inserir alarme '420' para o projeto 'None'. Erro: NOT NULL constraint failed: Alarms.project_id
2026-07-28 01:24:35,774 - src.database.db_manager - ERROR - Erro ao inserir alarme '421' para 'None': NOT NULL constraint failed: Alarms.project_id
2026-07-28 01:24:35,774 - __main__ - ERROR - Falha ao inserir alarme '421' para o projeto 'None'. Erro: NOT NULL constraint failed: Alarms.project_id
2026-07-28 01:24:35,775 - src.database.db_manager - ERROR - Erro ao inserir alarme '422' para 'None': NOT NULL constraint failed: Alarms.project_id
2026-07-28 01:24:35,775 - __main__ - ERROR - Falha ao inserir alarme '422' para o projeto 'None'. Erro: NOT NULL constraint failed: Alarms.project_id
2026-07-28 01:24:35,775 - src.database.db_manager - ERROR - Erro ao inserir alarme '423' para 'None': NOT NULL constraint failed: Alarms.project_id
2026-07-28 01:24:35,775 - __main__ - ERROR - Falha ao inserir alarme '423' para o projeto 'None'. Erro: NOT NULL constraint failed: Alarms.project_id
2026-07-28 01:24:35,775 - src.database.db_manager - ERROR - Erro ao inserir alarme '424' para 'None': NOT NULL constraint failed: Alarms.project_id
2026-07-28 01:24:35,775 - __main__ - ERROR - Falha ao inserir alarme '424' para o projeto 'None'. Erro: NOT NULL constraint failed: Alarms.project_id
2026-07-28 01:24:35,775 - src.database.db_manager - ERROR - Erro ao inserir alarme '425' para 'None': NOT NULL constraint failed: Alarms.project_id
2026-07-28 01:24:35,776 - __main__ - ERROR - Falha ao inserir alarme '425' para o projeto 'None'. Erro: NOT NULL constraint failed: Alarms.project_id
2026-07-28 01:24:35,776 - src.database.db_manager - ERROR - Erro ao inserir alarme '426' para 'None': NOT NULL constraint failed: Alarms.project_id
2026-07-28 01:24:35,776 - __main__ - ERROR - Falha ao inserir alarme '426' para o projeto 'None'. Erro: NOT NULL constraint failed: Alarms.project_id
2026-07-28 01:24:35,776 - src.database.db_manager - ERROR - Erro ao inserir alarme '427' para 'None': NOT NULL constraint failed: Alarms.project_id
2026-07-28 01:24:35,776 - __main__ - ERROR - Falha ao inserir alarme '427' para o projeto 'None'. Erro: NOT NULL constraint failed: Alarms.project_id
2026-07-28 01:24:35,776 - src.database.db_manager - ERROR - Erro ao inserir alarme '428' para 'None': NOT NULL constraint failed: Alarms.project_id
2026-07-28 01:24:35,776 - __main__ - ERROR - Falha ao inserir alarme '428' para o projeto 'None'. Erro: NOT NULL constraint failed: Alarms.project_id
2026-07-28 01:24:35,776 - src.database.db_manager - ERROR - Erro ao inserir alarme '438' para 'None': NOT NULL constraint failed: Alarms.project_id
2026-07-28 01:24:35,776 - __main__ - ERROR - Falha ao inserir alarme '438' para o projeto 'None'. Erro: NOT NULL constraint failed: Alarms.project_id
2026-07-28 01:24:35,776 - src.database.db_manager - ERROR - Erro ao inserir alarme '439' para 'None': NOT NULL constraint failed: Alarms.project_id
2026-07-28 01:24:35,777 - __main__ - ERROR - Falha ao inserir alarme '439' para o projeto 'None'. Erro: NOT NULL constraint failed: Alarms.project_id
2026-07-28 01:24:35,777 - src.database.db_manager - ERROR - Erro ao inserir alarme '440' para 'None': NOT NULL constraint failed: Alarms.project_id
2026-07-28 01:24:35,777 - __main__ - ERROR - Falha ao inserir alarme '440' para o projeto 'None'. Erro: NOT NULL constraint failed: Alarms.project_id
2026-07-28 01:24:35,777 - src.database.db_manager - ERROR - Erro ao inserir alarme '441' para 'None': NOT NULL constraint failed: Alarms.project_id
2026-07-28 01:24:35,777 - __main__ - ERROR - Falha ao inserir alarme '441' para o projeto 'None'. Erro: NOT NULL constraint failed: Alarms.project_id
2026-07-28 01:24:35,777 - src.database.db_manager - ERROR - Erro ao inserir alarme '442' para 'None': NOT NULL constraint failed: Alarms.project_id
2026-07-28 01:24:35,777 - __main__ - ERROR - Falha ao inserir alarme '442' para o projeto 'None'. Erro: NOT NULL constraint failed: Alarms.project_id
2026-07-28 01:24:35,777 - src.database.db_manager - ERROR - Erro ao inserir alarme '443' para 'None': NOT NULL constraint failed: Alarms.project_id
2026-07-28 01:24:35,777 - __main__ - ERROR - Falha ao inserir alarme '443' para o projeto 'None'. Erro: NOT NULL constraint failed: Alarms.project_id
2026-07-28 01:24:35,777 - src.database.db_manager - ERROR - Erro ao inserir alarme '444' para 'None': NOT NULL constraint failed: Alarms.project_id
2026-07-28 01:24:35,777 - __main__ - ERROR - Falha ao inserir alarme '444' para o projeto 'None'. Erro: NOT NULL constraint failed: Alarms.project_id
2026-07-28 01:24:35,777 - src.database.db_manager - ERROR - Erro ao inserir alarme '445' para 'None': NOT NULL constraint failed: Alarms.project_id
2026-07-28 01:24:35,777 - __main__ - ERROR - Falha ao inserir alarme '445' para o projeto 'None'. Erro: NOT NULL constraint failed: Alarms.project_id
2026-07-28 01:24:35,778 - src.database.db_manager - ERROR - Erro ao inserir alarme '446' para 'None': NOT NULL constraint failed: Alarms.project_id
2026-07-28 01:24:35,778 - __main__ - ERROR - Falha ao inserir alarme '446' para o projeto 'None'. Erro: NOT NULL constraint failed: Alarms.project_id
2026-07-28 01:24:35,778 - src.database.db_manager - ERROR - Erro ao inserir alarme '447' para 'None': NOT NULL constraint failed: Alarms.project_id
2026-07-28 01:24:35,778 - __main__ - ERROR - Falha ao inserir alarme '447' para o projeto 'None'. Erro: NOT NULL constraint failed: Alarms.project_id
2026-07-28 01:24:35,778 - src.database.db_manager - ERROR - Erro ao inserir alarme '448' para 'None': NOT NULL constraint failed: Alarms.project_id
2026-07-28 01:24:35,778 - __main__ - ERROR - Falha ao inserir alarme '448' para o projeto 'None'. Erro: NOT NULL constraint failed: Alarms.project_id
2026-07-28 01:24:35,778 - src.database.db_manager - ERROR - Erro ao inserir alarme '449' para 'None': NOT NULL constraint failed: Alarms.project_id
2026-07-28 01:24:35,778 - __main__ - ERROR - Falha ao inserir alarme '449' para o projeto 'None'. Erro: NOT NULL constraint failed: Alarms.project_id
2026-07-28 01:24:35,778 - src.database.db_manager - ERROR - Erro ao inserir alarme '450' para 'None': NOT NULL constraint failed: Alarms.project_id
2026-07-28 01:24:35,778 - __main__ - ERROR - Falha ao inserir alarme '450' para o projeto 'None'. Erro: NOT NULL constraint failed: Alarms.project_id
2026-07-28 01:24:35,778 - src.database.db_manager - ERROR - Erro ao inserir alarme '451' para 'None': NOT NULL constraint failed: Alarms.project_id
2026-07-28 01:24:35,778 - __main__ - ERROR - Falha ao inserir alarme '451' para o projeto 'None'. Erro: NOT NULL constraint failed: Alarms.project_id
2026-07-28 01:24:35,778 - src.database.db_manager - ERROR - Erro ao inserir alarme '452' para 'None': NOT NULL constraint failed: Alarms.project_id
2026-07-28 01:24:35,779 - __main__ - ERROR - Falha ao inserir alarme '452' para o projeto 'None'. Erro: NOT NULL constraint failed: Alarms.project_id
2026-07-28 01:24:35,779 - src.database.db_manager - ERROR - Erro ao inserir alarme '453' para 'None': NOT NULL constraint failed: Alarms.project_id
2026-07-28 01:24:35,779 - __main__ - ERROR - Falha ao inserir alarme '453' para o projeto 'None'. Erro: NOT NULL constraint failed: Alarms.project_id
2026-07-28 01:24:35,779 - src.database.db_manager - ERROR - Erro ao inserir alarme '454' para 'None': NOT NULL constraint failed: Alarms.project_id
2026-07-28 01:24:35,779 - __main__ - ERROR - Falha ao inserir alarme '454' para o projeto 'None'. Erro: NOT NULL constraint failed: Alarms.project_id
2026-07-28 01:24:35,779 - src.database.db_manager - ERROR - Erro ao inserir alarme '455' para 'None': NOT NULL constraint failed: Alarms.project_id
2026-07-28 01:24:35,779 - __main__ - ERROR - Falha ao inserir alarme '455' para o projeto 'None'. Erro: NOT NULL constraint failed: Alarms.project_id
2026-07-28 01:24:35,779 - src.database.db_manager - ERROR - Erro ao inserir alarme '456' para 'None': NOT NULL constraint failed: Alarms.project_id
2026-07-28 01:24:35,779 - __main__ - ERROR - Falha ao inserir alarme '456' para o projeto 'None'. Erro: NOT NULL constraint failed: Alarms.project_id
2026-07-28 01:24:35,779 - src.database.db_manager - ERROR - Erro ao inserir alarme '457' para 'None': NOT NULL constraint failed: Alarms.project_id
2026-07-28 01:24:35,779 - __main__ - ERROR - Falha ao inserir alarme '457' para o projeto 'None'. Erro: NOT NULL constraint failed: Alarms.project_id
2026-07-28 01:24:35,779 - src.database.db_manager - ERROR - Erro ao inserir alarme '458' para 'None': NOT NULL constraint failed: Alarms.project_id
2026-07-28 01:24:35,779 - __main__ - ERROR - Falha ao inserir alarme '458' para o projeto 'None'. Erro: NOT NULL constraint failed: Alarms.project_id
2026-07-28 01:24:35,779 - src.database.db_manager - ERROR - Erro ao inserir alarme '459' para 'None': NOT NULL constraint failed: Alarms.project_id
2026-07-28 01:24:35,779 - __main__ - ERROR - Falha ao inserir alarme '459' para o projeto 'None'. Erro: NOT NULL constraint failed: Alarms.project_id
2026-07-28 01:24:35,779 - src.database.db_manager - ERROR - Erro ao inserir alarme '460' para 'None': NOT NULL constraint failed: Alarms.project_id
2026-07-28 01:24:35,780 - __main__ - ERROR - Falha ao inserir alarme '460' para o projeto 'None'. Erro: NOT NULL constraint failed: Alarms.project_id
2026-07-28 01:24:35,780 - src.database.db_manager - ERROR - Erro ao inserir alarme '461' para 'None': NOT NULL constraint failed: Alarms.project_id
2026-07-28 01:24:35,780 - __main__ - ERROR - Falha ao inserir alarme '461' para o projeto 'None'. Erro: NOT NULL constraint failed: Alarms.project_id
2026-07-28 01:24:35,780 - src.database.db_manager - ERROR - Erro ao inserir alarme '462' para 'None': NOT NULL constraint failed: Alarms.project_id
2026-07-28 01:24:35,780 - __main__ - ERROR - Falha ao inserir alarme '462' para o projeto 'None'. Erro: NOT NULL constraint failed: Alarms.project_id
2026-07-28 01:24:35,780 - src.database.db_manager - ERROR - Erro ao inserir alarme '463' para 'None': NOT NULL constraint failed: Alarms.project_id
2026-07-28 01:24:35,780 - __main__ - ERROR - Falha ao inserir alarme '463' para o projeto 'None'. Erro: NOT NULL constraint failed: Alarms.project_id
2026-07-28 01:24:35,780 - src.database.db_manager - ERROR - Erro ao inserir alarme '464' para 'None': NOT NULL constraint failed: Alarms.project_id
2026-07-28 01:24:35,780 - __main__ - ERROR - Falha ao inserir alarme '464' para o projeto 'None'. Erro: NOT NULL constraint failed: Alarms.project_id
2026-07-28 01:24:35,780 - src.database.db_manager - ERROR - Erro ao inserir alarme '465' para 'None': NOT NULL constraint failed: Alarms.project_id
2026-07-28 01:24:35,780 - __main__ - ERROR - Falha ao inserir alarme '465' para o projeto 'None'. Erro: NOT NULL constraint failed: Alarms.project_id
2026-07-28 01:24:35,780 - src.database.db_manager - ERROR - Erro ao inserir alarme '466' para 'None': NOT NULL constraint failed: Alarms.project_id
2026-07-28 01:24:35,780 - __main__ - ERROR - Falha ao inserir alarme '466' para o projeto 'None'. Erro: NOT NULL constraint failed: Alarms.project_id
2026-07-28 01:24:35,780 - src.database.db_manager - ERROR - Erro ao inserir alarme '467' para 'None': NOT NULL constraint failed: Alarms.project_id
2026-07-28 01:24:35,780 - __main__ - ERROR - Falha ao inserir alarme '467' para o projeto 'None'. Erro: NOT NULL constraint failed: Alarms.project_id
2026-07-28 01:24:35,780 - src.database.db_manager - ERROR - Erro ao inserir alarme '468' para 'None': NOT NULL constraint failed: Alarms.project_id
2026-07-28 01:24:35,780 - __main__ - ERROR - Falha ao inserir alarme '468' para o projeto 'None'. Erro: NOT NULL constraint failed: Alarms.project_id
2026-07-28 01:24:35,780 - src.database.db_manager - ERROR - Erro ao inserir alarme '469' para 'None': NOT NULL constraint failed: Alarms.project_id
2026-07-28 01:24:35,781 - __main__ - ERROR - Falha ao inserir alarme '469' para o projeto 'None'. Erro: NOT NULL constraint failed: Alarms.project_id
2026-07-28 01:24:35,781 - src.database.db_manager - ERROR - Erro ao inserir alarme '470' para 'None': NOT NULL constraint failed: Alarms.project_id
2026-07-28 01:24:35,781 - __main__ - ERROR - Falha ao inserir alarme '470' para o projeto 'None'. Erro: NOT NULL constraint failed: Alarms.project_id
2026-07-28 01:24:35,781 - src.database.db_manager - ERROR - Erro ao inserir alarme '471' para 'None': NOT NULL constraint failed: Alarms.project_id
2026-07-28 01:24:35,781 - __main__ - ERROR - Falha ao inserir alarme '471' para o projeto 'None'. Erro: NOT NULL constraint failed: Alarms.project_id
2026-07-28 01:24:35,781 - src.database.db_manager - ERROR - Erro ao inserir alarme '472' para 'None': NOT NULL constraint failed: Alarms.project_id
2026-07-28 01:24:35,781 - __main__ - ERROR - Falha ao inserir alarme '472' para o projeto 'None'. Erro: NOT NULL constraint failed: Alarms.project_id
2026-07-28 01:24:35,781 - src.database.db_manager - ERROR - Erro ao inserir alarme '473' para 'None': NOT NULL constraint failed: Alarms.project_id
2026-07-28 01:24:35,781 - __main__ - ERROR - Falha ao inserir alarme '473' para o projeto 'None'. Erro: NOT NULL constraint failed: Alarms.project_id
2026-07-28 01:24:35,781 - src.database.db_manager - ERROR - Erro ao inserir alarme '474' para 'None': NOT NULL constraint failed: Alarms.project_id
2026-07-28 01:24:35,781 - __main__ - ERROR - Falha ao inserir alarme '474' para o projeto 'None'. Erro: NOT NULL constraint failed: Alarms.project_id
2026-07-28 01:24:35,781 - src.database.db_manager - ERROR - Erro ao inserir alarme '475' para 'None': NOT NULL constraint failed: Alarms.project_id
2026-07-28 01:24:35,781 - __main__ - ERROR - Falha ao inserir alarme '475' para o projeto 'None'. Erro: NOT NULL constraint failed: Alarms.project_id
2026-07-28 01:24:35,781 - src.database.db_manager - ERROR - Erro ao inserir alarme '476' para 'None': NOT NULL constraint failed: Alarms.project_id
2026-07-28 01:24:35,781 - __main__ - ERROR - Falha ao inserir alarme '476' para o projeto 'None'. Erro: NOT NULL constraint failed: Alarms.project_id
2026-07-28 01:24:35,781 - src.database.db_manager - ERROR - Erro ao inserir alarme '477' para 'None': NOT NULL constraint failed: Alarms.project_id
2026-07-28 01:24:35,782 - __main__ - ERROR - Falha ao inserir alarme '477' para o projeto 'None'. Erro: NOT NULL constraint failed: Alarms.project_id
2026-07-28 01:24:35,782 - src.database.db_manager - ERROR - Erro ao inserir alarme '478' para 'None': NOT NULL constraint failed: Alarms.project_id
2026-07-28 01:24:35,782 - __main__ - ERROR - Falha ao inserir alarme '478' para o projeto 'None'. Erro: NOT NULL constraint failed: Alarms.project_id
2026-07-28 01:24:35,782 - src.database.db_manager - ERROR - Erro ao inserir alarme '479' para 'None': NOT NULL constraint failed: Alarms.project_id
2026-07-28 01:24:35,782 - __main__ - ERROR - Falha ao inserir alarme '479' para o projeto 'None'. Erro: NOT NULL constraint failed: Alarms.project_id
2026-07-28 01:24:35,782 - src.database.db_manager - ERROR - Erro ao inserir alarme '480' para 'None': NOT NULL constraint failed: Alarms.project_id
2026-07-28 01:24:35,782 - __main__ - ERROR - Falha ao inserir alarme '480' para o projeto 'None'. Erro: NOT NULL constraint failed: Alarms.project_id
2026-07-28 01:24:35,782 - src.database.db_manager - ERROR - Erro ao inserir alarme '481' para 'None': NOT NULL constraint failed: Alarms.project_id
2026-07-28 01:24:35,782 - __main__ - ERROR - Falha ao inserir alarme '481' para o projeto 'None'. Erro: NOT NULL constraint failed: Alarms.project_id
2026-07-28 01:24:35,782 - src.database.db_manager - ERROR - Erro ao inserir alarme '482' para 'None': NOT NULL constraint failed: Alarms.project_id
2026-07-28 01:24:35,782 - __main__ - ERROR - Falha ao inserir alarme '482' para o projeto 'None'. Erro: NOT NULL constraint failed: Alarms.project_id
2026-07-28 01:24:35,782 - src.database.db_manager - ERROR - Erro ao inserir alarme '483' para 'None': NOT NULL constraint failed: Alarms.project_id
2026-07-28 01:24:35,782 - __main__ - ERROR - Falha ao inserir alarme '483' para o projeto 'None'. Erro: NOT NULL constraint failed: Alarms.project_id
2026-07-28 01:24:35,782 - src.database.db_manager - ERROR - Erro ao inserir alarme '484' para 'None': NOT NULL constraint failed: Alarms.project_id
2026-07-28 01:24:35,782 - __main__ - ERROR - Falha ao inserir alarme '484' para o projeto 'None'. Erro: NOT NULL constraint failed: Alarms.project_id
2026-07-28 01:24:35,782 - src.database.db_manager - ERROR - Erro ao inserir alarme '485' para 'None': NOT NULL constraint failed: Alarms.project_id
2026-07-28 01:24:35,783 - __main__ - ERROR - Falha ao inserir alarme '485' para o projeto 'None'. Erro: NOT NULL constraint failed: Alarms.project_id
2026-07-28 01:24:35,783 - src.database.db_manager - ERROR - Erro ao inserir alarme '486' para 'None': NOT NULL constraint failed: Alarms.project_id
2026-07-28 01:24:35,783 - __main__ - ERROR - Falha ao inserir alarme '486' para o projeto 'None'. Erro: NOT NULL constraint failed: Alarms.project_id
2026-07-28 01:24:35,783 - src.database.db_manager - ERROR - Erro ao inserir alarme '487' para 'None': NOT NULL constraint failed: Alarms.project_id
2026-07-28 01:24:35,783 - __main__ - ERROR - Falha ao inserir alarme '487' para o projeto 'None'. Erro: NOT NULL constraint failed: Alarms.project_id
2026-07-28 01:24:35,783 - src.database.db_manager - ERROR - Erro ao inserir alarme '488' para 'None': NOT NULL constraint failed: Alarms.project_id
2026-07-28 01:24:35,783 - __main__ - ERROR - Falha ao inserir alarme '488' para o projeto 'None'. Erro: NOT NULL constraint failed: Alarms.project_id
2026-07-28 01:24:35,783 - src.database.db_manager - ERROR - Erro ao inserir alarme '489' para 'None': NOT NULL constraint failed: Alarms.project_id
2026-07-28 01:24:35,783 - __main__ - ERROR - Falha ao inserir alarme '489' para o projeto 'None'. Erro: NOT NULL constraint failed: Alarms.project_id
2026-07-28 01:24:35,783 - src.database.db_manager - ERROR - Erro ao inserir alarme '490' para 'None': NOT NULL constraint failed: Alarms.project_id
2026-07-28 01:24:35,783 - __main__ - ERROR - Falha ao inserir alarme '490' para o projeto 'None'. Erro: NOT NULL constraint failed: Alarms.project_id
2026-07-28 01:24:35,783 - src.database.db_manager - ERROR - Erro ao inserir alarme '491' para 'None': NOT NULL constraint failed: Alarms.project_id
2026-07-28 01:24:35,783 - __main__ - ERROR - Falha ao inserir alarme '491' para o projeto 'None'. Erro: NOT NULL constraint failed: Alarms.project_id
2026-07-28 01:24:35,783 - src.database.db_manager - ERROR - Erro ao inserir alarme '492' para 'None': NOT NULL constraint failed: Alarms.project_id
2026-07-28 01:24:35,784 - __main__ - ERROR - Falha ao inserir alarme '492' para o projeto 'None'. Erro: NOT NULL constraint failed: Alarms.project_id
2026-07-28 01:24:35,784 - src.database.db_manager - ERROR - Erro ao inserir alarme '493' para 'None': NOT NULL constraint failed: Alarms.project_id
2026-07-28 01:24:35,784 - __main__ - ERROR - Falha ao inserir alarme '493' para o projeto 'None'. Erro: NOT NULL constraint failed: Alarms.project_id
2026-07-28 01:24:35,784 - src.database.db_manager - ERROR - Erro ao inserir alarme '494' para 'None': NOT NULL constraint failed: Alarms.project_id
2026-07-28 01:24:35,784 - __main__ - ERROR - Falha ao inserir alarme '494' para o projeto 'None'. Erro: NOT NULL constraint failed: Alarms.project_id
2026-07-28 01:24:35,784 - src.database.db_manager - ERROR - Erro ao inserir alarme '495' para 'None': NOT NULL constraint failed: Alarms.project_id
2026-07-28 01:24:35,784 - __main__ - ERROR - Falha ao inserir alarme '495' para o projeto 'None'. Erro: NOT NULL constraint failed: Alarms.project_id
2026-07-28 01:24:35,784 - src.database.db_manager - ERROR - Erro ao inserir alarme '496' para 'None': NOT NULL constraint failed: Alarms.project_id
2026-07-28 01:24:35,784 - __main__ - ERROR - Falha ao inserir alarme '496' para o projeto 'None'. Erro: NOT NULL constraint failed: Alarms.project_id
2026-07-28 01:24:35,784 - src.database.db_manager - ERROR - Erro ao inserir alarme '497' para 'None': NOT NULL constraint failed: Alarms.project_id
2026-07-28 01:24:35,784 - __main__ - ERROR - Falha ao inserir alarme '497' para o projeto 'None'. Erro: NOT NULL constraint failed: Alarms.project_id
2026-07-28 01:24:35,785 - src.database.db_manager - ERROR - Erro ao inserir alarme '498' para 'None': NOT NULL constraint failed: Alarms.project_id
2026-07-28 01:24:35,785 - __main__ - ERROR - Falha ao inserir alarme '498' para o projeto 'None'. Erro: NOT NULL constraint failed: Alarms.project_id
2026-07-28 01:24:35,785 - src.database.db_manager - ERROR - Erro ao inserir alarme '500' para 'None': NOT NULL constraint failed: Alarms.project_id
2026-07-28 01:24:35,785 - __main__ - ERROR - Falha ao inserir alarme '500' para o projeto 'None'. Erro: NOT NULL constraint failed: Alarms.project_id
2026-07-28 01:24:35,785 - src.database.db_manager - ERROR - Erro ao inserir alarme '501' para 'None': NOT NULL constraint failed: Alarms.project_id
2026-07-28 01:24:35,785 - __main__ - ERROR - Falha ao inserir alarme '501' para o projeto 'None'. Erro: NOT NULL constraint failed: Alarms.project_id
2026-07-28 01:24:35,785 - src.database.db_manager - ERROR - Erro ao inserir alarme '502' para 'None': NOT NULL constraint failed: Alarms.project_id
2026-07-28 01:24:35,785 - __main__ - ERROR - Falha ao inserir alarme '502' para o projeto 'None'. Erro: NOT NULL constraint failed: Alarms.project_id
2026-07-28 01:24:35,785 - src.database.db_manager - ERROR - Erro ao inserir alarme '503' para 'None': NOT NULL constraint failed: Alarms.project_id
2026-07-28 01:24:35,785 - __main__ - ERROR - Falha ao inserir alarme '503' para o projeto 'None'. Erro: NOT NULL constraint failed: Alarms.project_id
2026-07-28 01:24:35,785 - src.database.db_manager - ERROR - Erro ao inserir alarme '504' para 'None': NOT NULL constraint failed: Alarms.project_id
2026-07-28 01:24:35,786 - __main__ - ERROR - Falha ao inserir alarme '504' para o projeto 'None'. Erro: NOT NULL constraint failed: Alarms.project_id
2026-07-28 01:24:35,786 - src.database.db_manager - ERROR - Erro ao inserir alarme '505' para 'None': NOT NULL constraint failed: Alarms.project_id
2026-07-28 01:24:35,786 - __main__ - ERROR - Falha ao inserir alarme '505' para o projeto 'None'. Erro: NOT NULL constraint failed: Alarms.project_id
2026-07-28 01:24:35,786 - src.database.db_manager - ERROR - Erro ao inserir alarme '506' para 'None': NOT NULL constraint failed: Alarms.project_id
2026-07-28 01:24:35,786 - __main__ - ERROR - Falha ao inserir alarme '506' para o projeto 'None'. Erro: NOT NULL constraint failed: Alarms.project_id
2026-07-28 01:24:35,786 - src.database.db_manager - ERROR - Erro ao inserir alarme '507' para 'None': NOT NULL constraint failed: Alarms.project_id
2026-07-28 01:24:35,786 - __main__ - ERROR - Falha ao inserir alarme '507' para o projeto 'None'. Erro: NOT NULL constraint failed: Alarms.project_id
2026-07-28 01:24:35,786 - src.database.db_manager - ERROR - Erro ao inserir alarme '508' para 'None': NOT NULL constraint failed: Alarms.project_id
2026-07-28 01:24:35,786 - __main__ - ERROR - Falha ao inserir alarme '508' para o projeto 'None'. Erro: NOT NULL constraint failed: Alarms.project_id
2026-07-28 01:24:35,786 - src.database.db_manager - ERROR - Erro ao inserir alarme '509' para 'None': NOT NULL constraint failed: Alarms.project_id
2026-07-28 01:24:35,786 - __main__ - ERROR - Falha ao inserir alarme '509' para o projeto 'None'. Erro: NOT NULL constraint failed: Alarms.project_id
2026-07-28 01:24:35,786 - src.database.db_manager - ERROR - Erro ao inserir alarme '532' para 'None': NOT NULL constraint failed: Alarms.project_id
2026-07-28 01:24:35,786 - __main__ - ERROR - Falha ao inserir alarme '532' para o projeto 'None'. Erro: NOT NULL constraint failed: Alarms.project_id
2026-07-28 01:24:35,786 - src.database.db_manager - ERROR - Erro ao inserir alarme '533' para 'None': NOT NULL constraint failed: Alarms.project_id
2026-07-28 01:24:35,786 - __main__ - ERROR - Falha ao inserir alarme '533' para o projeto 'None'. Erro: NOT NULL constraint failed: Alarms.project_id
2026-07-28 01:24:35,787 - src.database.db_manager - ERROR - Erro ao inserir alarme '562' para 'None': NOT NULL constraint failed: Alarms.project_id
2026-07-28 01:24:35,787 - __main__ - ERROR - Falha ao inserir alarme '562' para o projeto 'None'. Erro: NOT NULL constraint failed: Alarms.project_id
2026-07-28 01:24:35,787 - src.database.db_manager - ERROR - Erro ao inserir alarme '563' para 'None': NOT NULL constraint failed: Alarms.project_id
2026-07-28 01:24:35,787 - __main__ - ERROR - Falha ao inserir alarme '563' para o projeto 'None'. Erro: NOT NULL constraint failed: Alarms.project_id
2026-07-28 01:24:35,787 - src.database.db_manager - ERROR - Erro ao inserir alarme '592' para 'None': NOT NULL constraint failed: Alarms.project_id
2026-07-28 01:24:35,787 - __main__ - ERROR - Falha ao inserir alarme '592' para o projeto 'None'. Erro: NOT NULL constraint failed: Alarms.project_id
2026-07-28 01:24:35,787 - src.database.db_manager - ERROR - Erro ao inserir alarme '593' para 'None': NOT NULL constraint failed: Alarms.project_id
2026-07-28 01:24:35,787 - __main__ - ERROR - Falha ao inserir alarme '593' para o projeto 'None'. Erro: NOT NULL constraint failed: Alarms.project_id
2026-07-28 01:24:35,787 - src.database.db_manager - ERROR - Erro ao inserir alarme '622' para 'None': NOT NULL constraint failed: Alarms.project_id
2026-07-28 01:24:35,787 - __main__ - ERROR - Falha ao inserir alarme '622' para o projeto 'None'. Erro: NOT NULL constraint failed: Alarms.project_id
2026-07-28 01:24:35,787 - src.database.db_manager - ERROR - Erro ao inserir alarme '623' para 'None': NOT NULL constraint failed: Alarms.project_id
2026-07-28 01:24:35,787 - __main__ - ERROR - Falha ao inserir alarme '623' para o projeto 'None'. Erro: NOT NULL constraint failed: Alarms.project_id
2026-07-28 01:24:35,787 - src.database.db_manager - ERROR - Erro ao inserir alarme '652' para 'None': NOT NULL constraint failed: Alarms.project_id
2026-07-28 01:24:35,787 - __main__ - ERROR - Falha ao inserir alarme '652' para o projeto 'None'. Erro: NOT NULL constraint failed: Alarms.project_id
2026-07-28 01:24:35,787 - src.database.db_manager - ERROR - Erro ao inserir alarme '653' para 'None': NOT NULL constraint failed: Alarms.project_id
2026-07-28 01:24:35,787 - __main__ - ERROR - Falha ao inserir alarme '653' para o projeto 'None'. Erro: NOT NULL constraint failed: Alarms.project_id
2026-07-28 01:24:35,787 - src.database.db_manager - ERROR - Erro ao inserir alarme '654' para 'None': NOT NULL constraint failed: Alarms.project_id
2026-07-28 01:24:35,788 - __main__ - ERROR - Falha ao inserir alarme '654' para o projeto 'None'. Erro: NOT NULL constraint failed: Alarms.project_id
2026-07-28 01:24:35,788 - src.database.db_manager - ERROR - Erro ao inserir alarme '655' para 'None': NOT NULL constraint failed: Alarms.project_id
2026-07-28 01:24:35,788 - __main__ - ERROR - Falha ao inserir alarme '655' para o projeto 'None'. Erro: NOT NULL constraint failed: Alarms.project_id
2026-07-28 01:24:35,788 - src.database.db_manager - ERROR - Erro ao inserir alarme '656' para 'None': NOT NULL constraint failed: Alarms.project_id
2026-07-28 01:24:35,788 - __main__ - ERROR - Falha ao inserir alarme '656' para o projeto 'None'. Erro: NOT NULL constraint failed: Alarms.project_id
2026-07-28 01:24:35,788 - src.database.db_manager - ERROR - Erro ao inserir alarme '657' para 'None': NOT NULL constraint failed: Alarms.project_id
2026-07-28 01:24:35,788 - __main__ - ERROR - Falha ao inserir alarme '657' para o projeto 'None'. Erro: NOT NULL constraint failed: Alarms.project_id
2026-07-28 01:24:35,788 - src.database.db_manager - ERROR - Erro ao inserir alarme '658' para 'None': NOT NULL constraint failed: Alarms.project_id
2026-07-28 01:24:35,788 - __main__ - ERROR - Falha ao inserir alarme '658' para o projeto 'None'. Erro: NOT NULL constraint failed: Alarms.project_id
2026-07-28 01:24:35,788 - src.database.db_manager - ERROR - Erro ao inserir alarme '659' para 'None': NOT NULL constraint failed: Alarms.project_id
2026-07-28 01:24:35,788 - __main__ - ERROR - Falha ao inserir alarme '659' para o projeto 'None'. Erro: NOT NULL constraint failed: Alarms.project_id
2026-07-28 01:24:35,788 - src.database.db_manager - ERROR - Erro ao inserir alarme '660' para 'None': NOT NULL constraint failed: Alarms.project_id
2026-07-28 01:24:35,789 - __main__ - ERROR - Falha ao inserir alarme '660' para o projeto 'None'. Erro: NOT NULL constraint failed: Alarms.project_id
2026-07-28 01:24:35,789 - src.database.db_manager - ERROR - Erro ao inserir alarme '661' para 'None': NOT NULL constraint failed: Alarms.project_id
2026-07-28 01:24:35,789 - __main__ - ERROR - Falha ao inserir alarme '661' para o projeto 'None'. Erro: NOT NULL constraint failed: Alarms.project_id
2026-07-28 01:24:35,789 - src.database.db_manager - ERROR - Erro ao inserir alarme '662' para 'None': NOT NULL constraint failed: Alarms.project_id
2026-07-28 01:24:35,789 - __main__ - ERROR - Falha ao inserir alarme '662' para o projeto 'None'. Erro: NOT NULL constraint failed: Alarms.project_id
2026-07-28 01:24:35,789 - src.database.db_manager - ERROR - Erro ao inserir alarme '663' para 'None': NOT NULL constraint failed: Alarms.project_id
2026-07-28 01:24:35,789 - __main__ - ERROR - Falha ao inserir alarme '663' para o projeto 'None'. Erro: NOT NULL constraint failed: Alarms.project_id
2026-07-28 01:24:35,789 - src.database.db_manager - ERROR - Erro ao inserir alarme '664' para 'None': NOT NULL constraint failed: Alarms.project_id
2026-07-28 01:24:35,789 - __main__ - ERROR - Falha ao inserir alarme '664' para o projeto 'None'. Erro: NOT NULL constraint failed: Alarms.project_id
2026-07-28 01:24:35,789 - src.database.db_manager - ERROR - Erro ao inserir alarme '665' para 'None': NOT NULL constraint failed: Alarms.project_id
2026-07-28 01:24:35,789 - __main__ - ERROR - Falha ao inserir alarme '665' para o projeto 'None'. Erro: NOT NULL constraint failed: Alarms.project_id
2026-07-28 01:24:35,789 - src.database.db_manager - ERROR - Erro ao inserir alarme '666' para 'None': NOT NULL constraint failed: Alarms.project_id
2026-07-28 01:24:35,789 - __main__ - ERROR - Falha ao inserir alarme '666' para o projeto 'None'. Erro: NOT NULL constraint failed: Alarms.project_id
2026-07-28 01:24:35,789 - src.database.db_manager - ERROR - Erro ao inserir alarme '667' para 'None': NOT NULL constraint failed: Alarms.project_id
2026-07-28 01:24:35,789 - __main__ - ERROR - Falha ao inserir alarme '667' para o projeto 'None'. Erro: NOT NULL constraint failed: Alarms.project_id
2026-07-28 01:24:35,789 - src.database.db_manager - ERROR - Erro ao inserir alarme '668' para 'None': NOT NULL constraint failed: Alarms.project_id
2026-07-28 01:24:35,790 - __main__ - ERROR - Falha ao inserir alarme '668' para o projeto 'None'. Erro: NOT NULL constraint failed: Alarms.project_id
2026-07-28 01:24:35,790 - src.database.db_manager - ERROR - Erro ao inserir alarme '669' para 'None': NOT NULL constraint failed: Alarms.project_id
2026-07-28 01:24:35,790 - __main__ - ERROR - Falha ao inserir alarme '669' para o projeto 'None'. Erro: NOT NULL constraint failed: Alarms.project_id
2026-07-28 01:24:35,790 - src.database.db_manager - ERROR - Erro ao inserir alarme '670' para 'None': NOT NULL constraint failed: Alarms.project_id
2026-07-28 01:24:35,790 - __main__ - ERROR - Falha ao inserir alarme '670' para o projeto 'None'. Erro: NOT NULL constraint failed: Alarms.project_id
2026-07-28 01:24:35,790 - src.database.db_manager - ERROR - Erro ao inserir alarme '671' para 'None': NOT NULL constraint failed: Alarms.project_id
2026-07-28 01:24:35,790 - __main__ - ERROR - Falha ao inserir alarme '671' para o projeto 'None'. Erro: NOT NULL constraint failed: Alarms.project_id
2026-07-28 01:24:35,790 - src.database.db_manager - ERROR - Erro ao inserir alarme '672' para 'None': NOT NULL constraint failed: Alarms.project_id
2026-07-28 01:24:35,790 - __main__ - ERROR - Falha ao inserir alarme '672' para o projeto 'None'. Erro: NOT NULL constraint failed: Alarms.project_id
2026-07-28 01:24:35,790 - src.database.db_manager - ERROR - Erro ao inserir alarme '673' para 'None': NOT NULL constraint failed: Alarms.project_id
2026-07-28 01:24:35,790 - __main__ - ERROR - Falha ao inserir alarme '673' para o projeto 'None'. Erro: NOT NULL constraint failed: Alarms.project_id
2026-07-28 01:24:35,790 - src.database.db_manager - ERROR - Erro ao inserir alarme '674' para 'None': NOT NULL constraint failed: Alarms.project_id
2026-07-28 01:24:35,790 - __main__ - ERROR - Falha ao inserir alarme '674' para o projeto 'None'. Erro: NOT NULL constraint failed: Alarms.project_id
2026-07-28 01:24:35,790 - src.database.db_manager - ERROR - Erro ao inserir alarme '675' para 'None': NOT NULL constraint failed: Alarms.project_id
2026-07-28 01:24:35,790 - __main__ - ERROR - Falha ao inserir alarme '675' para o projeto 'None'. Erro: NOT NULL constraint failed: Alarms.project_id
2026-07-28 01:24:35,791 - src.database.db_manager - ERROR - Erro ao inserir alarme '676' para 'None': NOT NULL constraint failed: Alarms.project_id
2026-07-28 01:24:35,791 - __main__ - ERROR - Falha ao inserir alarme '676' para o projeto 'None'. Erro: NOT NULL constraint failed: Alarms.project_id
2026-07-28 01:24:35,791 - src.database.db_manager - ERROR - Erro ao inserir alarme '677' para 'None': NOT NULL constraint failed: Alarms.project_id
2026-07-28 01:24:35,791 - __main__ - ERROR - Falha ao inserir alarme '677' para o projeto 'None'. Erro: NOT NULL constraint failed: Alarms.project_id
2026-07-28 01:24:35,791 - src.database.db_manager - ERROR - Erro ao inserir alarme '678' para 'None': NOT NULL constraint failed: Alarms.project_id
2026-07-28 01:24:35,791 - __main__ - ERROR - Falha ao inserir alarme '678' para o projeto 'None'. Erro: NOT NULL constraint failed: Alarms.project_id
2026-07-28 01:24:35,791 - src.database.db_manager - ERROR - Erro ao inserir alarme '679' para 'None': NOT NULL constraint failed: Alarms.project_id
2026-07-28 01:24:35,791 - __main__ - ERROR - Falha ao inserir alarme '679' para o projeto 'None'. Erro: NOT NULL constraint failed: Alarms.project_id
2026-07-28 01:24:35,791 - src.database.db_manager - ERROR - Erro ao inserir alarme '680' para 'None': NOT NULL constraint failed: Alarms.project_id
2026-07-28 01:24:35,791 - __main__ - ERROR - Falha ao inserir alarme '680' para o projeto 'None'. Erro: NOT NULL constraint failed: Alarms.project_id
2026-07-28 01:24:35,791 - src.database.db_manager - ERROR - Erro ao inserir alarme '681' para 'None': NOT NULL constraint failed: Alarms.project_id
2026-07-28 01:24:35,791 - __main__ - ERROR - Falha ao inserir alarme '681' para o projeto 'None'. Erro: NOT NULL constraint failed: Alarms.project_id
2026-07-28 01:24:35,791 - src.database.db_manager - ERROR - Erro ao inserir alarme '682' para 'None': NOT NULL constraint failed: Alarms.project_id
2026-07-28 01:24:35,792 - __main__ - ERROR - Falha ao inserir alarme '682' para o projeto 'None'. Erro: NOT NULL constraint failed: Alarms.project_id
2026-07-28 01:24:35,792 - src.database.db_manager - ERROR - Erro ao inserir alarme '683' para 'None': NOT NULL constraint failed: Alarms.project_id
2026-07-28 01:24:35,792 - __main__ - ERROR - Falha ao inserir alarme '683' para o projeto 'None'. Erro: NOT NULL constraint failed: Alarms.project_id
2026-07-28 01:24:35,792 - src.database.db_manager - ERROR - Erro ao inserir alarme '684' para 'None': NOT NULL constraint failed: Alarms.project_id
2026-07-28 01:24:35,792 - __main__ - ERROR - Falha ao inserir alarme '684' para o projeto 'None'. Erro: NOT NULL constraint failed: Alarms.project_id
2026-07-28 01:24:35,792 - src.database.db_manager - ERROR - Erro ao inserir alarme '685' para 'None': NOT NULL constraint failed: Alarms.project_id
2026-07-28 01:24:35,792 - __main__ - ERROR - Falha ao inserir alarme '685' para o projeto 'None'. Erro: NOT NULL constraint failed: Alarms.project_id
2026-07-28 01:24:35,792 - src.database.db_manager - ERROR - Erro ao inserir alarme '686' para 'None': NOT NULL constraint failed: Alarms.project_id
2026-07-28 01:24:35,792 - __main__ - ERROR - Falha ao inserir alarme '686' para o projeto 'None'. Erro: NOT NULL constraint failed: Alarms.project_id
2026-07-28 01:24:35,792 - src.database.db_manager - ERROR - Erro ao inserir alarme '687' para 'None': NOT NULL constraint failed: Alarms.project_id
2026-07-28 01:24:35,792 - __main__ - ERROR - Falha ao inserir alarme '687' para o projeto 'None'. Erro: NOT NULL constraint failed: Alarms.project_id
2026-07-28 01:24:35,792 - src.database.db_manager - ERROR - Erro ao inserir alarme '688' para 'None': NOT NULL constraint failed: Alarms.project_id
2026-07-28 01:24:35,792 - __main__ - ERROR - Falha ao inserir alarme '688' para o projeto 'None'. Erro: NOT NULL constraint failed: Alarms.project_id
2026-07-28 01:24:35,793 - src.database.db_manager - ERROR - Erro ao inserir alarme '689' para 'None': NOT NULL constraint failed: Alarms.project_id
2026-07-28 01:24:35,793 - __main__ - ERROR - Falha ao inserir alarme '689' para o projeto 'None'. Erro: NOT NULL constraint failed: Alarms.project_id
2026-07-28 01:24:35,793 - src.database.db_manager - ERROR - Erro ao inserir alarme '690' para 'None': NOT NULL constraint failed: Alarms.project_id
2026-07-28 01:24:35,793 - __main__ - ERROR - Falha ao inserir alarme '690' para o projeto 'None'. Erro: NOT NULL constraint failed: Alarms.project_id
2026-07-28 01:24:35,793 - src.database.db_manager - ERROR - Erro ao inserir alarme '691' para 'None': NOT NULL constraint failed: Alarms.project_id
2026-07-28 01:24:35,793 - __main__ - ERROR - Falha ao inserir alarme '691' para o projeto 'None'. Erro: NOT NULL constraint failed: Alarms.project_id
2026-07-28 01:24:35,793 - src.database.db_manager - ERROR - Erro ao inserir alarme '692' para 'None': NOT NULL constraint failed: Alarms.project_id
2026-07-28 01:24:35,793 - __main__ - ERROR - Falha ao inserir alarme '692' para o projeto 'None'. Erro: NOT NULL constraint failed: Alarms.project_id
2026-07-28 01:24:35,793 - src.database.db_manager - ERROR - Erro ao inserir alarme '693' para 'None': NOT NULL constraint failed: Alarms.project_id
2026-07-28 01:24:35,793 - __main__ - ERROR - Falha ao inserir alarme '693' para o projeto 'None'. Erro: NOT NULL constraint failed: Alarms.project_id
2026-07-28 01:24:35,793 - src.database.db_manager - ERROR - Erro ao inserir alarme '694' para 'None': NOT NULL constraint failed: Alarms.project_id
2026-07-28 01:24:35,793 - __main__ - ERROR - Falha ao inserir alarme '694' para o projeto 'None'. Erro: NOT NULL constraint failed: Alarms.project_id
2026-07-28 01:24:35,793 - src.database.db_manager - ERROR - Erro ao inserir alarme '695' para 'None': NOT NULL constraint failed: Alarms.project_id
2026-07-28 01:24:35,793 - __main__ - ERROR - Falha ao inserir alarme '695' para o projeto 'None'. Erro: NOT NULL constraint failed: Alarms.project_id
2026-07-28 01:24:35,793 - src.database.db_manager - ERROR - Erro ao inserir alarme '696' para 'None': NOT NULL constraint failed: Alarms.project_id
2026-07-28 01:24:35,794 - __main__ - ERROR - Falha ao inserir alarme '696' para o projeto 'None'. Erro: NOT NULL constraint failed: Alarms.project_id
2026-07-28 01:24:35,794 - src.database.db_manager - ERROR - Erro ao inserir alarme '697' para 'None': NOT NULL constraint failed: Alarms.project_id
2026-07-28 01:24:35,794 - __main__ - ERROR - Falha ao inserir alarme '697' para o projeto 'None'. Erro: NOT NULL constraint failed: Alarms.project_id
2026-07-28 01:24:35,794 - src.database.db_manager - ERROR - Erro ao inserir alarme '698' para 'None': NOT NULL constraint failed: Alarms.project_id
2026-07-28 01:24:35,794 - __main__ - ERROR - Falha ao inserir alarme '698' para o projeto 'None'. Erro: NOT NULL constraint failed: Alarms.project_id
2026-07-28 01:24:35,794 - src.database.db_manager - ERROR - Erro ao inserir alarme '699' para 'None': NOT NULL constraint failed: Alarms.project_id
2026-07-28 01:24:35,794 - __main__ - ERROR - Falha ao inserir alarme '699' para o projeto 'None'. Erro: NOT NULL constraint failed: Alarms.project_id
2026-07-28 01:24:35,794 - src.database.db_manager - ERROR - Erro ao inserir alarme '700' para 'None': NOT NULL constraint failed: Alarms.project_id
2026-07-28 01:24:35,794 - __main__ - ERROR - Falha ao inserir alarme '700' para o projeto 'None'. Erro: NOT NULL constraint failed: Alarms.project_id
2026-07-28 01:24:35,794 - src.database.db_manager - ERROR - Erro ao inserir alarme '701' para 'None': NOT NULL constraint failed: Alarms.project_id
2026-07-28 01:24:35,794 - __main__ - ERROR - Falha ao inserir alarme '701' para o projeto 'None'. Erro: NOT NULL constraint failed: Alarms.project_id
2026-07-28 01:24:35,794 - src.database.db_manager - ERROR - Erro ao inserir alarme '702' para 'None': NOT NULL constraint failed: Alarms.project_id
2026-07-28 01:24:35,794 - __main__ - ERROR - Falha ao inserir alarme '702' para o projeto 'None'. Erro: NOT NULL constraint failed: Alarms.project_id
2026-07-28 01:24:35,794 - src.database.db_manager - ERROR - Erro ao inserir alarme '703' para 'None': NOT NULL constraint failed: Alarms.project_id
2026-07-28 01:24:35,795 - __main__ - ERROR - Falha ao inserir alarme '703' para o projeto 'None'. Erro: NOT NULL constraint failed: Alarms.project_id
2026-07-28 01:24:35,795 - src.database.db_manager - ERROR - Erro ao inserir alarme '704' para 'None': NOT NULL constraint failed: Alarms.project_id
2026-07-28 01:24:35,795 - __main__ - ERROR - Falha ao inserir alarme '704' para o projeto 'None'. Erro: NOT NULL constraint failed: Alarms.project_id
2026-07-28 01:24:35,795 - src.database.db_manager - ERROR - Erro ao inserir alarme '705' para 'None': NOT NULL constraint failed: Alarms.project_id
2026-07-28 01:24:35,795 - __main__ - ERROR - Falha ao inserir alarme '705' para o projeto 'None'. Erro: NOT NULL constraint failed: Alarms.project_id
2026-07-28 01:24:35,795 - src.database.db_manager - ERROR - Erro ao inserir alarme '706' para 'None': NOT NULL constraint failed: Alarms.project_id
2026-07-28 01:24:35,795 - __main__ - ERROR - Falha ao inserir alarme '706' para o projeto 'None'. Erro: NOT NULL constraint failed: Alarms.project_id
2026-07-28 01:24:35,795 - src.database.db_manager - ERROR - Erro ao inserir alarme '707' para 'None': NOT NULL constraint failed: Alarms.project_id
2026-07-28 01:24:35,795 - __main__ - ERROR - Falha ao inserir alarme '707' para o projeto 'None'. Erro: NOT NULL constraint failed: Alarms.project_id
2026-07-28 01:24:35,795 - src.database.db_manager - ERROR - Erro ao inserir alarme '708' para 'None': NOT NULL constraint failed: Alarms.project_id
2026-07-28 01:24:35,795 - __main__ - ERROR - Falha ao inserir alarme '708' para o projeto 'None'. Erro: NOT NULL constraint failed: Alarms.project_id
2026-07-28 01:24:35,795 - src.database.db_manager - ERROR - Erro ao inserir alarme '709' para 'None': NOT NULL constraint failed: Alarms.project_id
2026-07-28 01:24:35,795 - __main__ - ERROR - Falha ao inserir alarme '709' para o projeto 'None'. Erro: NOT NULL constraint failed: Alarms.project_id
2026-07-28 01:24:35,795 - src.database.db_manager - ERROR - Erro ao inserir alarme '710' para 'None': NOT NULL constraint failed: Alarms.project_id
2026-07-28 01:24:35,795 - __main__ - ERROR - Falha ao inserir alarme '710' para o projeto 'None'. Erro: NOT NULL constraint failed: Alarms.project_id
2026-07-28 01:24:35,796 - src.database.db_manager - ERROR - Erro ao inserir alarme '711' para 'None': NOT NULL constraint failed: Alarms.project_id
2026-07-28 01:24:35,796 - __main__ - ERROR - Falha ao inserir alarme '711' para o projeto 'None'. Erro: NOT NULL constraint failed: Alarms.project_id
2026-07-28 01:24:35,796 - src.database.db_manager - ERROR - Erro ao inserir alarme '712' para 'None': NOT NULL constraint failed: Alarms.project_id
2026-07-28 01:24:35,796 - __main__ - ERROR - Falha ao inserir alarme '712' para o projeto 'None'. Erro: NOT NULL constraint failed: Alarms.project_id
2026-07-28 01:24:35,796 - src.database.db_manager - ERROR - Erro ao inserir alarme '713' para 'None': NOT NULL constraint failed: Alarms.project_id
2026-07-28 01:24:35,796 - __main__ - ERROR - Falha ao inserir alarme '713' para o projeto 'None'. Erro: NOT NULL constraint failed: Alarms.project_id
2026-07-28 01:24:35,796 - src.database.db_manager - ERROR - Erro ao inserir alarme '714' para 'None': NOT NULL constraint failed: Alarms.project_id
2026-07-28 01:24:35,796 - __main__ - ERROR - Falha ao inserir alarme '714' para o projeto 'None'. Erro: NOT NULL constraint failed: Alarms.project_id
2026-07-28 01:24:35,796 - src.database.db_manager - ERROR - Erro ao inserir alarme '715' para 'None': NOT NULL constraint failed: Alarms.project_id
2026-07-28 01:24:35,796 - __main__ - ERROR - Falha ao inserir alarme '715' para o projeto 'None'. Erro: NOT NULL constraint failed: Alarms.project_id
2026-07-28 01:24:35,796 - src.database.db_manager - ERROR - Erro ao inserir alarme '716' para 'None': NOT NULL constraint failed: Alarms.project_id
2026-07-28 01:24:35,796 - __main__ - ERROR - Falha ao inserir alarme '716' para o projeto 'None'. Erro: NOT NULL constraint failed: Alarms.project_id
2026-07-28 01:24:35,796 - src.database.db_manager - ERROR - Erro ao inserir alarme '717' para 'None': NOT NULL constraint failed: Alarms.project_id
2026-07-28 01:24:35,796 - __main__ - ERROR - Falha ao inserir alarme '717' para o projeto 'None'. Erro: NOT NULL constraint failed: Alarms.project_id
2026-07-28 01:24:35,796 - src.database.db_manager - ERROR - Erro ao inserir alarme '718' para 'None': NOT NULL constraint failed: Alarms.project_id
2026-07-28 01:24:35,796 - __main__ - ERROR - Falha ao inserir alarme '718' para o projeto 'None'. Erro: NOT NULL constraint failed: Alarms.project_id
2026-07-28 01:24:35,797 - src.database.db_manager - ERROR - Erro ao inserir alarme '719' para 'None': NOT NULL constraint failed: Alarms.project_id
2026-07-28 01:24:35,797 - __main__ - ERROR - Falha ao inserir alarme '719' para o projeto 'None'. Erro: NOT NULL constraint failed: Alarms.project_id
2026-07-28 01:24:35,797 - src.database.db_manager - ERROR - Erro ao inserir alarme '720' para 'None': NOT NULL constraint failed: Alarms.project_id
2026-07-28 01:24:35,797 - __main__ - ERROR - Falha ao inserir alarme '720' para o projeto 'None'. Erro: NOT NULL constraint failed: Alarms.project_id
2026-07-28 01:24:35,797 - src.database.db_manager - ERROR - Erro ao inserir alarme '721' para 'None': NOT NULL constraint failed: Alarms.project_id
2026-07-28 01:24:35,797 - __main__ - ERROR - Falha ao inserir alarme '721' para o projeto 'None'. Erro: NOT NULL constraint failed: Alarms.project_id
2026-07-28 01:24:35,797 - src.database.db_manager - ERROR - Erro ao inserir alarme '722' para 'None': NOT NULL constraint failed: Alarms.project_id
2026-07-28 01:24:35,797 - __main__ - ERROR - Falha ao inserir alarme '722' para o projeto 'None'. Erro: NOT NULL constraint failed: Alarms.project_id
2026-07-28 01:24:35,797 - src.database.db_manager - ERROR - Erro ao inserir alarme '723' para 'None': NOT NULL constraint failed: Alarms.project_id
2026-07-28 01:24:35,797 - __main__ - ERROR - Falha ao inserir alarme '723' para o projeto 'None'. Erro: NOT NULL constraint failed: Alarms.project_id
2026-07-28 01:24:35,797 - src.database.db_manager - ERROR - Erro ao inserir alarme '724' para 'None': NOT NULL constraint failed: Alarms.project_id
2026-07-28 01:24:35,797 - __main__ - ERROR - Falha ao inserir alarme '724' para o projeto 'None'. Erro: NOT NULL constraint failed: Alarms.project_id
2026-07-28 01:24:35,797 - src.database.db_manager - ERROR - Erro ao inserir alarme '725' para 'None': NOT NULL constraint failed: Alarms.project_id
2026-07-28 01:24:35,798 - __main__ - ERROR - Falha ao inserir alarme '725' para o projeto 'None'. Erro: NOT NULL constraint failed: Alarms.project_id
2026-07-28 01:24:35,798 - src.database.db_manager - ERROR - Erro ao inserir alarme '726' para 'None': NOT NULL constraint failed: Alarms.project_id
2026-07-28 01:24:35,798 - __main__ - ERROR - Falha ao inserir alarme '726' para o projeto 'None'. Erro: NOT NULL constraint failed: Alarms.project_id
2026-07-28 01:24:35,798 - src.database.db_manager - ERROR - Erro ao inserir alarme '727' para 'None': NOT NULL constraint failed: Alarms.project_id
2026-07-28 01:24:35,798 - __main__ - ERROR - Falha ao inserir alarme '727' para o projeto 'None'. Erro: NOT NULL constraint failed: Alarms.project_id
2026-07-28 01:24:35,798 - src.database.db_manager - ERROR - Erro ao inserir alarme '728' para 'None': NOT NULL constraint failed: Alarms.project_id
2026-07-28 01:24:35,798 - __main__ - ERROR - Falha ao inserir alarme '728' para o projeto 'None'. Erro: NOT NULL constraint failed: Alarms.project_id
2026-07-28 01:24:35,798 - src.database.db_manager - ERROR - Erro ao inserir alarme '729' para 'None': NOT NULL constraint failed: Alarms.project_id
2026-07-28 01:24:35,799 - __main__ - ERROR - Falha ao inserir alarme '729' para o projeto 'None'. Erro: NOT NULL constraint failed: Alarms.project_id
2026-07-28 01:24:35,799 - src.database.db_manager - ERROR - Erro ao inserir alarme '730' para 'None': NOT NULL constraint failed: Alarms.project_id
2026-07-28 01:24:35,799 - __main__ - ERROR - Falha ao inserir alarme '730' para o projeto 'None'. Erro: NOT NULL constraint failed: Alarms.project_id
2026-07-28 01:24:35,799 - src.database.db_manager - ERROR - Erro ao inserir alarme '731' para 'None': NOT NULL constraint failed: Alarms.project_id
2026-07-28 01:24:35,799 - __main__ - ERROR - Falha ao inserir alarme '731' para o projeto 'None'. Erro: NOT NULL constraint failed: Alarms.project_id
2026-07-28 01:24:35,799 - src.database.db_manager - ERROR - Erro ao inserir alarme '732' para 'None': NOT NULL constraint failed: Alarms.project_id
2026-07-28 01:24:35,799 - __main__ - ERROR - Falha ao inserir alarme '732' para o projeto 'None'. Erro: NOT NULL constraint failed: Alarms.project_id
2026-07-28 01:24:35,799 - src.database.db_manager - ERROR - Erro ao inserir alarme '733' para 'None': NOT NULL constraint failed: Alarms.project_id
2026-07-28 01:24:35,799 - __main__ - ERROR - Falha ao inserir alarme '733' para o projeto 'None'. Erro: NOT NULL constraint failed: Alarms.project_id
2026-07-28 01:24:35,799 - src.database.db_manager - ERROR - Erro ao inserir alarme '734' para 'None': NOT NULL constraint failed: Alarms.project_id
2026-07-28 01:24:35,799 - __main__ - ERROR - Falha ao inserir alarme '734' para o projeto 'None'. Erro: NOT NULL constraint failed: Alarms.project_id
2026-07-28 01:24:35,799 - src.database.db_manager - ERROR - Erro ao inserir alarme '735' para 'None': NOT NULL constraint failed: Alarms.project_id
2026-07-28 01:24:35,799 - __main__ - ERROR - Falha ao inserir alarme '735' para o projeto 'None'. Erro: NOT NULL constraint failed: Alarms.project_id
2026-07-28 01:24:35,799 - src.database.db_manager - ERROR - Erro ao inserir alarme '736' para 'None': NOT NULL constraint failed: Alarms.project_id
2026-07-28 01:24:35,799 - __main__ - ERROR - Falha ao inserir alarme '736' para o projeto 'None'. Erro: NOT NULL constraint failed: Alarms.project_id
2026-07-28 01:24:35,800 - src.database.db_manager - ERROR - Erro ao inserir alarme '737' para 'None': NOT NULL constraint failed: Alarms.project_id
2026-07-28 01:24:35,800 - __main__ - ERROR - Falha ao inserir alarme '737' para o projeto 'None'. Erro: NOT NULL constraint failed: Alarms.project_id
2026-07-28 01:24:35,800 - src.database.db_manager - ERROR - Erro ao inserir alarme '738' para 'None': NOT NULL constraint failed: Alarms.project_id
2026-07-28 01:24:35,800 - __main__ - ERROR - Falha ao inserir alarme '738' para o projeto 'None'. Erro: NOT NULL constraint failed: Alarms.project_id
2026-07-28 01:24:35,800 - src.database.db_manager - ERROR - Erro ao inserir alarme '739' para 'None': NOT NULL constraint failed: Alarms.project_id
2026-07-28 01:24:35,800 - __main__ - ERROR - Falha ao inserir alarme '739' para o projeto 'None'. Erro: NOT NULL constraint failed: Alarms.project_id
2026-07-28 01:24:35,800 - src.database.db_manager - ERROR - Erro ao inserir alarme '740' para 'None': NOT NULL constraint failed: Alarms.project_id
2026-07-28 01:24:35,800 - __main__ - ERROR - Falha ao inserir alarme '740' para o projeto 'None'. Erro: NOT NULL constraint failed: Alarms.project_id
2026-07-28 01:24:35,800 - src.database.db_manager - ERROR - Erro ao inserir alarme '741' para 'None': NOT NULL constraint failed: Alarms.project_id
2026-07-28 01:24:35,800 - __main__ - ERROR - Falha ao inserir alarme '741' para o projeto 'None'. Erro: NOT NULL constraint failed: Alarms.project_id
2026-07-28 01:24:35,800 - src.database.db_manager - ERROR - Erro ao inserir alarme '742' para 'None': NOT NULL constraint failed: Alarms.project_id
2026-07-28 01:24:35,800 - __main__ - ERROR - Falha ao inserir alarme '742' para o projeto 'None'. Erro: NOT NULL constraint failed: Alarms.project_id
2026-07-28 01:24:35,800 - src.database.db_manager - ERROR - Erro ao inserir alarme '743' para 'None': NOT NULL constraint failed: Alarms.project_id
2026-07-28 01:24:35,800 - __main__ - ERROR - Falha ao inserir alarme '743' para o projeto 'None'. Erro: NOT NULL constraint failed: Alarms.project_id
2026-07-28 01:24:35,800 - src.database.db_manager - ERROR - Erro ao inserir alarme '744' para 'None': NOT NULL constraint failed: Alarms.project_id
2026-07-28 01:24:35,801 - __main__ - ERROR - Falha ao inserir alarme '744' para o projeto 'None'. Erro: NOT NULL constraint failed: Alarms.project_id
2026-07-28 01:24:35,801 - src.database.db_manager - ERROR - Erro ao inserir alarme '745' para 'None': NOT NULL constraint failed: Alarms.project_id
2026-07-28 01:24:35,801 - __main__ - ERROR - Falha ao inserir alarme '745' para o projeto 'None'. Erro: NOT NULL constraint failed: Alarms.project_id
2026-07-28 01:24:35,801 - src.database.db_manager - ERROR - Erro ao inserir alarme '746' para 'None': NOT NULL constraint failed: Alarms.project_id
2026-07-28 01:24:35,801 - __main__ - ERROR - Falha ao inserir alarme '746' para o projeto 'None'. Erro: NOT NULL constraint failed: Alarms.project_id
2026-07-28 01:24:35,801 - src.database.db_manager - ERROR - Erro ao inserir alarme '747' para 'None': NOT NULL constraint failed: Alarms.project_id
2026-07-28 01:24:35,801 - __main__ - ERROR - Falha ao inserir alarme '747' para o projeto 'None'. Erro: NOT NULL constraint failed: Alarms.project_id
2026-07-28 01:24:35,801 - src.database.db_manager - ERROR - Erro ao inserir alarme '748' para 'None': NOT NULL constraint failed: Alarms.project_id
2026-07-28 01:24:35,801 - __main__ - ERROR - Falha ao inserir alarme '748' para o projeto 'None'. Erro: NOT NULL constraint failed: Alarms.project_id
2026-07-28 01:24:35,801 - src.database.db_manager - ERROR - Erro ao inserir alarme '749' para 'None': NOT NULL constraint failed: Alarms.project_id
2026-07-28 01:24:35,801 - __main__ - ERROR - Falha ao inserir alarme '749' para o projeto 'None'. Erro: NOT NULL constraint failed: Alarms.project_id
2026-07-28 01:24:35,801 - src.database.db_manager - ERROR - Erro ao inserir alarme '750' para 'None': NOT NULL constraint failed: Alarms.project_id
2026-07-28 01:24:35,801 - __main__ - ERROR - Falha ao inserir alarme '750' para o projeto 'None'. Erro: NOT NULL constraint failed: Alarms.project_id
2026-07-28 01:24:35,801 - src.database.db_manager - ERROR - Erro ao inserir alarme '751' para 'None': NOT NULL constraint failed: Alarms.project_id
2026-07-28 01:24:35,801 - __main__ - ERROR - Falha ao inserir alarme '751' para o projeto 'None'. Erro: NOT NULL constraint failed: Alarms.project_id
2026-07-28 01:24:35,801 - src.database.db_manager - ERROR - Erro ao inserir alarme '752' para 'None': NOT NULL constraint failed: Alarms.project_id
2026-07-28 01:24:35,801 - __main__ - ERROR - Falha ao inserir alarme '752' para o projeto 'None'. Erro: NOT NULL constraint failed: Alarms.project_id
2026-07-28 01:24:35,801 - src.database.db_manager - ERROR - Erro ao inserir alarme '753' para 'None': NOT NULL constraint failed: Alarms.project_id
2026-07-28 01:24:35,802 - __main__ - ERROR - Falha ao inserir alarme '753' para o projeto 'None'. Erro: NOT NULL constraint failed: Alarms.project_id
2026-07-28 01:24:35,802 - src.database.db_manager - ERROR - Erro ao inserir alarme '754' para 'None': NOT NULL constraint failed: Alarms.project_id
2026-07-28 01:24:35,802 - __main__ - ERROR - Falha ao inserir alarme '754' para o projeto 'None'. Erro: NOT NULL constraint failed: Alarms.project_id
2026-07-28 01:24:35,802 - src.database.db_manager - ERROR - Erro ao inserir alarme '755' para 'None': NOT NULL constraint failed: Alarms.project_id
2026-07-28 01:24:35,802 - __main__ - ERROR - Falha ao inserir alarme '755' para o projeto 'None'. Erro: NOT NULL constraint failed: Alarms.project_id
2026-07-28 01:24:35,802 - src.database.db_manager - ERROR - Erro ao inserir alarme '756' para 'None': NOT NULL constraint failed: Alarms.project_id
2026-07-28 01:24:35,802 - __main__ - ERROR - Falha ao inserir alarme '756' para o projeto 'None'. Erro: NOT NULL constraint failed: Alarms.project_id
2026-07-28 01:24:35,802 - src.database.db_manager - ERROR - Erro ao inserir alarme '757' para 'None': NOT NULL constraint failed: Alarms.project_id
2026-07-28 01:24:35,802 - __main__ - ERROR - Falha ao inserir alarme '757' para o projeto 'None'. Erro: NOT NULL constraint failed: Alarms.project_id
2026-07-28 01:24:35,802 - src.database.db_manager - ERROR - Erro ao inserir alarme '758' para 'None': NOT NULL constraint failed: Alarms.project_id
2026-07-28 01:24:35,802 - __main__ - ERROR - Falha ao inserir alarme '758' para o projeto 'None'. Erro: NOT NULL constraint failed: Alarms.project_id
2026-07-28 01:24:35,802 - src.database.db_manager - ERROR - Erro ao inserir alarme '759' para 'None': NOT NULL constraint failed: Alarms.project_id
2026-07-28 01:24:35,802 - __main__ - ERROR - Falha ao inserir alarme '759' para o projeto 'None'. Erro: NOT NULL constraint failed: Alarms.project_id
2026-07-28 01:24:35,802 - src.database.db_manager - ERROR - Erro ao inserir alarme '760' para 'None': NOT NULL constraint failed: Alarms.project_id
2026-07-28 01:24:35,802 - __main__ - ERROR - Falha ao inserir alarme '760' para o projeto 'None'. Erro: NOT NULL constraint failed: Alarms.project_id
2026-07-28 01:24:35,802 - src.database.db_manager - ERROR - Erro ao inserir alarme '761' para 'None': NOT NULL constraint failed: Alarms.project_id
2026-07-28 01:24:35,802 - __main__ - ERROR - Falha ao inserir alarme '761' para o projeto 'None'. Erro: NOT NULL constraint failed: Alarms.project_id
2026-07-28 01:24:35,802 - src.database.db_manager - ERROR - Erro ao inserir alarme '762' para 'None': NOT NULL constraint failed: Alarms.project_id
2026-07-28 01:24:35,803 - __main__ - ERROR - Falha ao inserir alarme '762' para o projeto 'None'. Erro: NOT NULL constraint failed: Alarms.project_id
2026-07-28 01:24:35,803 - src.database.db_manager - ERROR - Erro ao inserir alarme '763' para 'None': NOT NULL constraint failed: Alarms.project_id
2026-07-28 01:24:35,803 - __main__ - ERROR - Falha ao inserir alarme '763' para o projeto 'None'. Erro: NOT NULL constraint failed: Alarms.project_id
2026-07-28 01:24:35,803 - src.database.db_manager - ERROR - Erro ao inserir alarme '764' para 'None': NOT NULL constraint failed: Alarms.project_id
2026-07-28 01:24:35,803 - __main__ - ERROR - Falha ao inserir alarme '764' para o projeto 'None'. Erro: NOT NULL constraint failed: Alarms.project_id
2026-07-28 01:24:35,803 - src.database.db_manager - ERROR - Erro ao inserir alarme '765' para 'None': NOT NULL constraint failed: Alarms.project_id
2026-07-28 01:24:35,803 - __main__ - ERROR - Falha ao inserir alarme '765' para o projeto 'None'. Erro: NOT NULL constraint failed: Alarms.project_id
2026-07-28 01:24:35,803 - src.database.db_manager - ERROR - Erro ao inserir alarme '766' para 'None': NOT NULL constraint failed: Alarms.project_id
2026-07-28 01:24:35,803 - __main__ - ERROR - Falha ao inserir alarme '766' para o projeto 'None'. Erro: NOT NULL constraint failed: Alarms.project_id
2026-07-28 01:24:35,803 - src.database.db_manager - ERROR - Erro ao inserir alarme '767' para 'None': NOT NULL constraint failed: Alarms.project_id
2026-07-28 01:24:35,803 - __main__ - ERROR - Falha ao inserir alarme '767' para o projeto 'None'. Erro: NOT NULL constraint failed: Alarms.project_id
2026-07-28 01:24:35,803 - src.database.db_manager - ERROR - Erro ao inserir alarme '768' para 'None': NOT NULL constraint failed: Alarms.project_id
2026-07-28 01:24:35,803 - __main__ - ERROR - Falha ao inserir alarme '768' para o projeto 'None'. Erro: NOT NULL constraint failed: Alarms.project_id
2026-07-28 01:24:35,803 - src.database.db_manager - ERROR - Erro ao inserir alarme '769' para 'None': NOT NULL constraint failed: Alarms.project_id
2026-07-28 01:24:35,803 - __main__ - ERROR - Falha ao inserir alarme '769' para o projeto 'None'. Erro: NOT NULL constraint failed: Alarms.project_id
2026-07-28 01:24:35,804 - src.database.db_manager - ERROR - Erro ao inserir alarme '770' para 'None': NOT NULL constraint failed: Alarms.project_id
2026-07-28 01:24:35,804 - __main__ - ERROR - Falha ao inserir alarme '770' para o projeto 'None'. Erro: NOT NULL constraint failed: Alarms.project_id
2026-07-28 01:24:35,804 - src.database.db_manager - ERROR - Erro ao inserir alarme '771' para 'None': NOT NULL constraint failed: Alarms.project_id
2026-07-28 01:24:35,804 - __main__ - ERROR - Falha ao inserir alarme '771' para o projeto 'None'. Erro: NOT NULL constraint failed: Alarms.project_id
2026-07-28 01:24:35,804 - src.database.db_manager - ERROR - Erro ao inserir alarme '772' para 'None': NOT NULL constraint failed: Alarms.project_id
2026-07-28 01:24:35,804 - __main__ - ERROR - Falha ao inserir alarme '772' para o projeto 'None'. Erro: NOT NULL constraint failed: Alarms.project_id
2026-07-28 01:24:35,804 - src.database.db_manager - ERROR - Erro ao inserir alarme '773' para 'None': NOT NULL constraint failed: Alarms.project_id
2026-07-28 01:24:35,804 - __main__ - ERROR - Falha ao inserir alarme '773' para o projeto 'None'. Erro: NOT NULL constraint failed: Alarms.project_id
2026-07-28 01:24:35,804 - src.database.db_manager - ERROR - Erro ao inserir alarme '774' para 'None': NOT NULL constraint failed: Alarms.project_id
2026-07-28 01:24:35,804 - __main__ - ERROR - Falha ao inserir alarme '774' para o projeto 'None'. Erro: NOT NULL constraint failed: Alarms.project_id
2026-07-28 01:24:35,804 - src.database.db_manager - ERROR - Erro ao inserir alarme '775' para 'None': NOT NULL constraint failed: Alarms.project_id
2026-07-28 01:24:35,804 - __main__ - ERROR - Falha ao inserir alarme '775' para o projeto 'None'. Erro: NOT NULL constraint failed: Alarms.project_id
2026-07-28 01:24:35,804 - src.database.db_manager - ERROR - Erro ao inserir alarme '776' para 'None': NOT NULL constraint failed: Alarms.project_id
2026-07-28 01:24:35,804 - __main__ - ERROR - Falha ao inserir alarme '776' para o projeto 'None'. Erro: NOT NULL constraint failed: Alarms.project_id
2026-07-28 01:24:35,804 - src.database.db_manager - ERROR - Erro ao inserir alarme '777' para 'None': NOT NULL constraint failed: Alarms.project_id
2026-07-28 01:24:35,805 - __main__ - ERROR - Falha ao inserir alarme '777' para o projeto 'None'. Erro: NOT NULL constraint failed: Alarms.project_id
2026-07-28 01:24:35,805 - src.database.db_manager - ERROR - Erro ao inserir alarme '807' para 'None': NOT NULL constraint failed: Alarms.project_id
2026-07-28 01:24:35,805 - __main__ - ERROR - Falha ao inserir alarme '807' para o projeto 'None'. Erro: NOT NULL constraint failed: Alarms.project_id
2026-07-28 01:24:35,805 - src.database.db_manager - ERROR - Erro ao inserir alarme '808' para 'None': NOT NULL constraint failed: Alarms.project_id
2026-07-28 01:24:35,805 - __main__ - ERROR - Falha ao inserir alarme '808' para o projeto 'None'. Erro: NOT NULL constraint failed: Alarms.project_id
2026-07-28 01:24:35,805 - __main__ - INFO - Processamento do CSV 'Lista_de_Alarmes_AGV.csv' concluído. 0 linhas processadas.
2026-07-28 01:24:35,805 - __main__ - INFO - Processamento completo para Lista_de_Alarmes_AGV.csv.
2026-07-28 01:24:35,805 - src.database.db_manager - INFO - Conexão com o banco de dados fechada.
2026-07-28 01:24:35,805 - __main__ - INFO - csv_extractor.py finalizado.
